trans_id,cliente_id,valor,mcc,payment_method,taxa_padrao_esperada,isencao_documentada,taxa_cobrada_real
T100000,C102,77.22,4511,debit,0.028,False,0.028
T100001,C113,830.95,7512,credit,0.028,False,0.028
T100002,C132,554.75,5941,credit,0.028,False,0.028
T100003,C122,783.72,7512,credit,0.03,False,0.03
T100004,C110,288.26,5812,debit,0.025,False,0.025
T100005,C142,87.0,5813,debit,0.0,True,0.0
T100006,C132,363.26,4511,pix_debit,0.028,False,0.0
T100007,C100,173.25,5813,voucher,0.03,False,0.03
T100008,C118,111.27,4511,pix_credit,0.025,False,0.025
T100009,C131,175.44,8299,pix_credit,0.03,False,0.0
T100010,C137,245.64,4511,credit,0.028,False,0.028
T100011,C142,971.54,5411,debit,0.0,True,0.0
T100012,C117,125.6,5941,pix_debit,0.0,True,0.0
T100013,C116,28.72,5812,pix_debit,0.03,False,0.0
T100014,C148,58.52,8299,credit,0.028,False,0.0
T100015,C117,41.17,5941,credit,0.0,True,0.0
T100016,C104,236.93,5813,debit,0.03,False,0.03
T100017,C130,457.86,8011,credit,0.0,True,0.025
T100018,C123,47.85,5813,debit,0.025,False,0.025
T100019,C125,38.59,4511,debit,0.025,False,0.025
T100020,C116,96.02,4511,credit,0.03,False,0.03
T100021,C137,658.83,5813,credit,0.028,False,0.028
T100022,C100,93.72,5812,credit,0.03,False,0.03
T100023,C135,156.8,5812,debit,0.028,False,0.028
T100024,C124,231.0,8011,credit,0.03,False,0.03
T100025,C114,178.48,5812,pix_debit,0.025,False,0.0
T100026,C118,477.39,5411,debit,0.025,False,0.025
T100027,C113,65.59,7512,credit,0.028,False,0.028
T100028,C115,1094.55,8299,debit,0.03,False,0.0
T100029,C143,785.97,5411,pix_debit,0.028,False,0.0
T100030,C115,333.08,8299,pix_credit,0.03,False,0.0
T100031,C102,236.94,5941,credit,0.028,False,0.028
T100032,C107,408.23,5941,debit,0.0,True,0.0
T100033,C135,137.95,7512,pix_credit,0.028,False,0.028
T100034,C142,831.7,5812,debit,0.0,True,0.0
T100035,C104,131.26999999999998,8299,credit,0.03,False,0.0
T100036,C138,226.54,5813,pix_debit,0.03,False,0.0
T100037,C140,158.01,4511,credit,0.025,False,0.025
T100038,C106,135.76999999999998,8299,debit,0.025,False,0.0
T100039,C115,171.07,7512,credit,0.03,False,0.03
T100040,C135,61.34,8011,debit,0.028,False,0.028
T100041,C100,91.17,5411,pix_debit,0.03,False,0.0
T100042,C102,81.59,8299,pix_credit,0.028,False,0.0
T100043,C110,145.53,5411,credit,0.025,False,0.025
T100044,C119,62.42,8011,pix_credit,0.025,False,0.025
T100045,C148,244.15,5812,debit,0.028,False,0.028
T100046,C142,342.24,5411,debit,0.0,True,0.0
T100047,C148,38.84,8299,credit,0.028,False,0.0
T100048,C148,581.67,5941,credit,0.028,False,0.028
T100049,C106,94.49,5812,credit,0.025,False,0.025
T100050,C101,481.66,5812,credit,0.028,False,0.028
T100051,C123,41.84,4511,credit,0.025,False,0.025
T100052,C145,196.43,5941,credit,0.028,False,0.028
T100053,C132,749.66,7512,credit,0.028,False,0.028
T100054,C111,200.4,5411,voucher,0.03,False,0.03
T100055,C107,57.74,5813,credit,0.0,True,0.0
T100056,C118,59.92,5813,pix_debit,0.025,False,0.0
T100057,C135,169.65,7512,credit,0.028,False,0.028
T100058,C123,520.55,7512,pix_debit,0.025,False,0.0
T100059,C104,113.39,8299,pix_debit,0.03,False,0.0
T100060,C135,603.13,7512,voucher,0.028,False,0.028
T100061,C138,146.63,7512,pix_debit,0.03,False,0.0
T100062,C118,344.2,7512,debit,0.025,False,0.025
T100063,C143,349.46,4511,pix_debit,0.028,False,0.0
T100064,C111,46.17,8299,debit,0.03,False,0.0
T100065,C122,47.13,5411,pix_debit,0.03,False,0.0
T100066,C114,131.01999999999998,5941,pix_credit,0.025,False,0.025
T100067,C103,2728.4,7512,pix_debit,0.025,False,0.0
T100068,C104,65.41,5411,credit,0.03,False,0.03
T100069,C126,77.72,5813,debit,0.03,False,0.03
T100070,C118,268.34,5812,credit,0.025,False,0.025
T100071,C125,162.14,5812,credit,0.025,False,0.025
T100072,C122,322.31,5941,debit,0.03,False,0.03
T100073,C102,196.99,8011,debit,0.028,False,0.028
T100074,C138,215.48,5411,credit,0.03,False,0.03
T100075,C106,104.19,7512,credit,0.025,False,0.025
T100076,C145,76.46,8299,credit,0.028,False,0.0
T100077,C139,381.66,5411,credit,0.0,True,0.0
T100078,C112,115.5,8299,credit,0.03,False,0.0
T100079,C102,296.39,5813,pix_debit,0.028,False,0.0
T100080,C113,94.98,5812,pix_debit,0.028,False,0.0
T100081,C114,34.980000000000004,5411,debit,0.025,False,0.025
T100082,C134,46.02,7512,credit,0.03,False,0.03
T100083,C129,57.83,5941,credit,0.03,False,0.03
T100084,C103,121.5,7512,pix_debit,0.025,False,0.0
T100085,C101,354.31,5411,debit,0.028,False,0.028
T100086,C126,246.28,5813,credit,0.03,False,0.03
T100087,C110,235.55,7512,credit,0.025,False,0.025
T100088,C128,70.08,5411,credit,0.0,True,0.0
T100089,C118,344.09,5941,credit,0.025,False,0.025
T100090,C100,203.22,5813,pix_credit,0.03,False,0.03
T100091,C136,160.35,5411,credit,0.028,False,0.028
T100092,C101,269.82,5411,debit,0.028,False,0.028
T100093,C145,218.34,8299,voucher,0.028,False,0.0
T100094,C142,249.02,4511,credit,0.0,True,0.0
T100095,C123,92.0,4511,debit,0.025,False,0.025
T100096,C137,92.93,7512,debit,0.028,False,0.028
T100097,C111,134.0,8299,debit,0.03,False,0.0
T100098,C143,91.33,8011,credit,0.028,False,0.028
T100099,C133,389.1,5812,debit,0.025,False,0.025
T100100,C102,34.15,5411,debit,0.028,False,0.028
T100101,C138,110.09,5411,pix_debit,0.03,False,0.0
T100102,C120,347.44,7512,pix_credit,0.025,False,0.025
T100103,C115,81.8,5812,pix_debit,0.03,False,0.0
T100104,C136,935.19,5941,credit,0.028,False,0.028
T100105,C148,393.41,7512,credit,0.028,False,0.028
T100106,C130,60.68,5813,debit,0.0,True,0.025
T100107,C125,167.63,5941,pix_debit,0.025,False,0.0
T100108,C148,76.49,8011,debit,0.028,False,0.028
T100109,C128,144.41,5941,credit,0.0,True,0.0
T100110,C139,132.34,8299,debit,0.0,True,0.0
T100111,C125,279.9,7512,credit,0.025,False,0.025
T100112,C129,203.56,7512,credit,0.03,False,0.03
T100113,C117,624.18,8011,credit,0.0,True,0.0
T100114,C119,229.05,5812,debit,0.025,False,0.025
T100115,C113,17.87,5411,credit,0.028,False,0.028
T100116,C134,538.06,5812,credit,0.03,False,0.03
T100117,C123,149.14,5411,credit,0.025,False,0.025
T100118,C126,176.8,5941,voucher,0.03,False,0.03
T100119,C128,705.17,5411,credit,0.0,True,0.0
T100120,C118,2371.21,5812,pix_debit,0.025,False,0.0
T100121,C110,156.39,4511,debit,0.025,False,0.025
T100122,C138,147.19,8011,debit,0.03,False,0.03
T100123,C144,84.67,5411,credit,0.025,False,0.025
T100124,C100,372.71,5812,pix_credit,0.03,False,0.03
T100125,C135,195.38,5411,pix_credit,0.028,False,0.028
T100126,C122,131.0,8299,credit,0.03,False,0.0
T100127,C147,526.04,4511,credit,0.03,False,0.03
T100128,C125,575.54,8299,credit,0.025,False,0.0
T100129,C120,386.26,7512,debit,0.025,False,0.025
T100130,C129,103.25,5812,voucher,0.03,False,0.03
T100131,C104,26.35,5411,pix_debit,0.03,False,0.0
T100132,C140,719.2,8011,credit,0.025,False,0.025
T100133,C105,518.3199999999999,4511,pix_debit,0.028,False,0.0
T100134,C108,107.77,8011,credit,0.03,False,0.03
T100135,C130,330.84,5812,credit,0.0,True,0.025
T100136,C100,32.41,5941,credit,0.03,False,0.03
T100137,C143,103.98,7512,credit,0.028,False,0.028
T100138,C135,89.27,5411,pix_debit,0.028,False,0.0
T100139,C111,717.19,5941,pix_debit,0.03,False,0.0
T100140,C148,35.27,8299,debit,0.028,False,0.0
T100141,C124,81.26,8299,credit,0.03,False,0.0
T100142,C134,61.64,5812,credit,0.03,False,0.03
T100143,C131,102.32,7512,debit,0.03,False,0.03
T100144,C127,358.47,5813,voucher,0.0,True,0.0
T100145,C144,841.38,5812,pix_credit,0.025,False,0.025
T100146,C121,190.48,5812,pix_credit,0.03,False,0.03
T100147,C120,158.91,4511,credit,0.025,False,0.025
T100148,C137,67.37,5941,credit,0.028,False,0.028
T100149,C142,59.86,7512,debit,0.0,True,0.0
T100150,C136,246.75,5812,debit,0.028,False,0.028
T100151,C125,223.86,5941,credit,0.025,False,0.025
T100152,C121,290.87,8011,credit,0.03,False,0.03
T100153,C145,404.67,5813,pix_debit,0.028,False,0.0
T100154,C123,98.98,5812,credit,0.025,False,0.025
T100155,C116,205.95,5941,pix_debit,0.03,False,0.0
T100156,C103,66.59,5813,credit,0.025,False,0.025
T100157,C143,232.96,7512,debit,0.028,False,0.028
T100158,C117,126.19,8299,debit,0.0,True,0.0
T100159,C147,45.88,7512,credit,0.03,False,0.03
T100160,C135,138.22,5812,pix_credit,0.028,False,0.028
T100161,C110,119.34,4511,debit,0.025,False,0.025
T100162,C113,256.2,4511,voucher,0.028,False,0.028
T100163,C115,159.13,8299,debit,0.03,False,0.0
T100164,C110,211.13,4511,credit,0.025,False,0.025
T100165,C112,40.05,4511,credit,0.03,False,0.03
T100166,C132,259.9,7512,credit,0.028,False,0.028
T100167,C144,242.02,5411,pix_debit,0.025,False,0.0
T100168,C139,109.66,8299,credit,0.0,True,0.0
T100169,C143,169.2,8011,credit,0.028,False,0.028
T100170,C111,322.98,5411,pix_debit,0.03,False,0.0
T100171,C143,53.7,5813,pix_credit,0.028,False,0.028
T100172,C115,99.27,5812,debit,0.03,False,0.03
T100173,C122,483.21,8011,pix_debit,0.03,False,0.0
T100174,C118,181.54,5411,debit,0.025,False,0.025
T100175,C130,224.3,4511,credit,0.0,True,0.025
T100176,C140,124.78,5411,pix_credit,0.025,False,0.025
T100177,C149,180.32,5812,pix_debit,0.028,False,0.0
T100178,C102,122.34,5411,pix_credit,0.028,False,0.028
T100179,C104,211.67,7512,pix_credit,0.03,False,0.03
T100180,C125,101.7,8299,debit,0.025,False,0.0
T100181,C129,156.92,5941,debit,0.03,False,0.03
T100182,C119,95.61,5411,credit,0.025,False,0.025
T100183,C149,34.58,8299,credit,0.028,False,0.0
T100184,C107,114.13,7512,pix_debit,0.0,True,0.0
T100185,C107,90.18,5813,credit,0.0,True,0.0
T100186,C114,309.28,4511,debit,0.025,False,0.025
T100187,C120,408.53,8011,credit,0.025,False,0.025
T100188,C139,443.95,5813,credit,0.0,True,0.0
T100189,C126,114.06,5941,credit,0.03,False,0.03
T100190,C119,318.86,5813,voucher,0.025,False,0.025
T100191,C117,57.52,5941,credit,0.0,True,0.0
T100192,C122,199.46,5941,debit,0.03,False,0.03
T100193,C149,1064.86,8011,credit,0.028,False,0.028
T100194,C124,43.27,4511,debit,0.03,False,0.03
T100195,C148,363.01,5411,credit,0.028,False,0.028
T100196,C129,442.0,5812,pix_debit,0.03,False,0.0
T100197,C131,553.02,5813,debit,0.03,False,0.03
T100198,C112,25.08,5941,credit,0.03,False,0.03
T100199,C111,14.87,5813,credit,0.03,False,0.03
T100200,C144,48.95,8299,credit,0.025,False,0.0
T100201,C127,137.99,4511,pix_credit,0.0,True,0.0
T100202,C101,912.46,5411,credit,0.028,False,0.028
T100203,C134,78.65,5411,debit,0.03,False,0.03
T100204,C107,151.12,4511,pix_debit,0.0,True,0.0
T100205,C129,277.92,7512,debit,0.03,False,0.03
T100206,C126,157.33,5941,pix_debit,0.03,False,0.0
T100207,C122,145.49,5411,credit,0.03,False,0.03
T100208,C108,148.2,7512,debit,0.03,False,0.03
T100209,C121,55.17,5813,debit,0.03,False,0.03
T100210,C113,113.34,5812,debit,0.028,False,0.028
T100211,C136,120.32,8011,debit,0.028,False,0.028
T100212,C137,25.01,5941,credit,0.028,False,0.028
T100213,C104,279.86,8299,pix_credit,0.03,False,0.0
T100214,C117,575.32,4511,debit,0.0,True,0.0
T100215,C103,70.93,8299,debit,0.025,False,0.0
T100216,C122,336.38,5411,credit,0.03,False,0.03
T100217,C124,259.36,7512,pix_debit,0.03,False,0.0
T100218,C125,124.78,7512,pix_debit,0.025,False,0.0
T100219,C147,13.73,5941,pix_debit,0.03,False,0.0
T100220,C104,85.57,5941,voucher,0.03,False,0.03
T100221,C106,55.67,8011,credit,0.025,False,0.025
T100222,C118,42.23,7512,credit,0.025,False,0.025
T100223,C130,151.99,8011,credit,0.0,True,0.025
T100224,C108,193.29,5941,credit,0.03,False,0.03
T100225,C112,66.28,5941,credit,0.03,False,0.03
T100226,C132,259.82,5941,credit,0.028,False,0.028
T100227,C121,115.72,5411,credit,0.03,False,0.03
T100228,C144,172.81,4511,voucher,0.025,False,0.025
T100229,C140,69.81,8011,credit,0.025,False,0.025
T100230,C121,935.06,8011,pix_debit,0.03,False,0.0
T100231,C121,52.19,5812,credit,0.03,False,0.03
T100232,C133,143.91,5411,credit,0.025,False,0.025
T100233,C137,20.85,5812,credit,0.028,False,0.028
T100234,C101,159.78,4511,pix_debit,0.028,False,0.0
T100235,C116,478.27,4511,debit,0.03,False,0.03
T100236,C128,321.79,5941,credit,0.0,True,0.0
T100237,C102,67.2,5812,credit,0.028,False,0.028
T100238,C129,108.75,7512,voucher,0.03,False,0.03
T100239,C141,516.1800000000001,5941,credit,0.0,True,0.025
T100240,C120,187.01,8011,credit,0.025,False,0.025
T100241,C142,75.91,5812,pix_debit,0.0,True,0.0
T100242,C134,99.86,5941,credit,0.03,False,0.03
T100243,C103,33.2,8011,debit,0.025,False,0.025
T100244,C113,129.38,4511,credit,0.028,False,0.028
T100245,C111,122.67,5411,debit,0.03,False,0.03
T100246,C146,109.6,5411,credit,0.028,False,0.028
T100247,C138,22.67,8011,pix_debit,0.03,False,0.0
T100248,C136,73.36,5812,credit,0.028,False,0.028
T100249,C144,209.52,5411,debit,0.025,False,0.025
T100250,C123,212.56,4511,credit,0.025,False,0.025
T100251,C102,2320.82,7512,pix_debit,0.028,False,0.0
T100252,C136,1600.45,5812,pix_credit,0.028,False,0.028
T100253,C108,85.75,5813,debit,0.03,False,0.03
T100254,C146,149.1,8011,credit,0.028,False,0.028
T100255,C133,66.59,4511,debit,0.025,False,0.025
T100256,C111,65.78,5812,debit,0.03,False,0.03
T100257,C115,280.44,5812,credit,0.03,False,0.03
T100258,C107,104.75,8299,credit,0.0,True,0.0
T100259,C148,181.74,4511,debit,0.028,False,0.028
T100260,C107,401.11,8011,pix_debit,0.0,True,0.0
T100261,C138,371.5,5813,pix_credit,0.03,False,0.03
T100262,C103,151.39,8299,credit,0.025,False,0.0
T100263,C115,67.16,5411,debit,0.03,False,0.03
T100264,C114,357.4,8299,voucher,0.025,False,0.0
T100265,C128,458.17,7512,debit,0.0,True,0.0
T100266,C131,65.41,7512,pix_debit,0.03,False,0.0
T100267,C144,37.04,5812,credit,0.025,False,0.025
T100268,C127,56.47,4511,debit,0.0,True,0.0
T100269,C103,91.36,5812,debit,0.025,False,0.025
T100270,C100,74.33,7512,credit,0.03,False,0.03
T100271,C148,114.13,8011,voucher,0.028,False,0.028
T100272,C102,87.81,5411,debit,0.028,False,0.028
T100273,C117,101.5,5411,credit,0.0,True,0.0
T100274,C108,43.43,5813,credit,0.03,False,0.03
T100275,C106,194.07,7512,debit,0.025,False,0.025
T100276,C141,439.95,5812,pix_credit,0.0,True,0.025
T100277,C144,117.39,8011,debit,0.025,False,0.025
T100278,C133,60.21,4511,debit,0.025,False,0.025
T100279,C112,119.46,5411,credit,0.03,False,0.03
T100280,C110,34.45,5813,debit,0.025,False,0.025
T100281,C115,124.36,7512,credit,0.03,False,0.03
T100282,C107,180.45,7512,credit,0.0,True,0.0
T100283,C143,362.27,4511,debit,0.028,False,0.028
T100284,C136,416.9,8011,pix_debit,0.028,False,0.0
T100285,C107,59.88,4511,pix_debit,0.0,True,0.0
T100286,C111,353.39,7512,debit,0.03,False,0.03
T100287,C111,309.69,5941,debit,0.03,False,0.03
T100288,C100,791.33,7512,debit,0.03,False,0.03
T100289,C147,146.37,5812,debit,0.03,False,0.03
T100290,C147,360.4,7512,credit,0.03,False,0.03
T100291,C123,134.6,5813,pix_debit,0.025,False,0.0
T100292,C132,173.98,4511,debit,0.028,False,0.028
T100293,C127,84.68,4511,credit,0.0,True,0.0
T100294,C117,467.2,5812,debit,0.0,True,0.0
T100295,C120,163.98,7512,credit,0.025,False,0.025
T100296,C132,264.79,4511,debit,0.028,False,0.028
T100297,C123,99.72,8011,credit,0.025,False,0.025
T100298,C135,132.47,7512,credit,0.028,False,0.028
T100299,C106,169.08,5813,credit,0.025,False,0.025
T100300,C104,163.75,7512,pix_credit,0.03,False,0.03
T100301,C138,389.14,7512,pix_debit,0.03,False,0.0
T100302,C124,102.28,5813,voucher,0.03,False,0.03
T100303,C114,228.39,5411,credit,0.025,False,0.025
T100304,C127,141.14,4511,credit,0.0,True,0.0
T100305,C128,179.92,4511,voucher,0.0,True,0.0
T100306,C145,280.99,7512,credit,0.028,False,0.028
T100307,C121,151.29,5411,pix_debit,0.03,False,0.0
T100308,C136,27.8,4511,credit,0.028,False,0.028
T100309,C101,358.68,5812,pix_debit,0.028,False,0.0
T100310,C105,160.83,8299,credit,0.028,False,0.0
T100311,C135,124.77,5812,credit,0.028,False,0.028
T100312,C110,86.8,8299,credit,0.025,False,0.0
T100313,C139,163.91,8299,credit,0.0,True,0.0
T100314,C117,98.63,8299,debit,0.0,True,0.0
T100315,C111,168.77,8299,pix_debit,0.03,False,0.0
T100316,C112,373.12,4511,pix_debit,0.03,False,0.0
T100317,C119,72.16,8011,credit,0.025,False,0.025
T100318,C120,91.09,8299,debit,0.025,False,0.0
T100319,C143,46.96,8299,debit,0.028,False,0.0
T100320,C107,30.36,5813,credit,0.0,True,0.0
T100321,C117,320.33,5941,pix_debit,0.0,True,0.0
T100322,C147,178.13,5941,credit,0.03,False,0.03
T100323,C127,59.6,8011,credit,0.0,True,0.0
T100324,C116,426.2,4511,debit,0.03,False,0.03
T100325,C101,281.51,5812,credit,0.028,False,0.028
T100326,C145,123.85,4511,pix_credit,0.028,False,0.028
T100327,C109,52.68,4511,pix_credit,0.028,False,0.028
T100328,C110,291.64,7512,credit,0.025,False,0.025
T100329,C133,897.39,4511,credit,0.025,False,0.025
T100330,C121,336.54,5411,pix_debit,0.03,False,0.0
T100331,C120,101.35,4511,debit,0.025,False,0.025
T100332,C112,15.81,5813,credit,0.03,False,0.03
T100333,C141,120.33,8011,debit,0.0,True,0.025
T100334,C133,165.05,5813,credit,0.025,False,0.025
T100335,C136,149.34,8299,credit,0.028,False,0.0
T100336,C123,115.81,4511,credit,0.025,False,0.025
T100337,C101,508.51,4511,debit,0.028,False,0.028
T100338,C135,40.98,8299,debit,0.028,False,0.0
T100339,C142,106.08,5812,credit,0.0,True,0.0
T100340,C148,205.22,5812,debit,0.028,False,0.028
T100341,C120,785.59,5812,pix_debit,0.025,False,0.0
T100342,C147,162.11,5813,credit,0.03,False,0.03
T100343,C141,77.1,5941,debit,0.0,True,0.025
T100344,C117,144.11,5941,pix_debit,0.0,True,0.0
T100345,C117,85.37,7512,credit,0.0,True,0.0
T100346,C126,146.42,4511,pix_debit,0.03,False,0.0
T100347,C122,288.31,5411,credit,0.03,False,0.03
T100348,C112,3347.63,7512,pix_credit,0.03,False,0.03
T100349,C125,542.68,7512,debit,0.025,False,0.025
T100350,C137,206.14,8011,debit,0.028,False,0.028
T100351,C127,758.82,8299,credit,0.0,True,0.0
T100352,C104,117.01,7512,credit,0.03,False,0.03
T100353,C107,187.58,8011,pix_debit,0.0,True,0.0
T100354,C112,145.24,5411,pix_debit,0.03,False,0.0
T100355,C130,427.2,4511,pix_credit,0.0,True,0.025
T100356,C117,118.02,8299,debit,0.0,True,0.0
T100357,C132,520.94,5813,debit,0.028,False,0.028
T100358,C135,125.94,5941,pix_credit,0.028,False,0.028
T100359,C122,956.94,5812,debit,0.03,False,0.03
T100360,C130,111.23,5941,pix_debit,0.0,True,0.0
T100361,C102,1131.61,5813,debit,0.028,False,0.028
T100362,C130,394.45,4511,credit,0.0,True,0.025
T100363,C129,329.2,8011,credit,0.03,False,0.03
T100364,C136,398.16,4511,pix_debit,0.028,False,0.0
T100365,C147,104.16,4511,credit,0.03,False,0.03
T100366,C137,104.11,5813,credit,0.028,False,0.028
T100367,C102,840.64,5411,credit,0.028,False,0.028
T100368,C144,190.06,8011,credit,0.025,False,0.025
T100369,C101,67.78,4511,credit,0.028,False,0.028
T100370,C148,249.28,5812,pix_debit,0.028,False,0.0
T100371,C104,135.19,5411,debit,0.03,False,0.03
T100372,C115,92.62,8011,debit,0.03,False,0.03
T100373,C133,109.61,8299,pix_debit,0.025,False,0.0
T100374,C127,104.45,4511,debit,0.0,True,0.0
T100375,C106,40.16,7512,debit,0.025,False,0.025
T100376,C116,151.96,5813,pix_debit,0.03,False,0.0
T100377,C149,196.24,7512,voucher,0.028,False,0.028
T100378,C108,138.12,7512,credit,0.03,False,0.03
T100379,C144,135.85,5941,pix_debit,0.025,False,0.0
T100380,C136,30.26,8299,debit,0.028,False,0.0
T100381,C134,179.56,5411,debit,0.03,False,0.03
T100382,C135,106.11,5813,debit,0.028,False,0.028
T100383,C124,60.84,5812,credit,0.03,False,0.03
T100384,C105,83.37,5411,pix_credit,0.028,False,0.028
T100385,C139,95.29,5941,debit,0.0,True,0.0
T100386,C115,77.91,5941,credit,0.03,False,0.03
T100387,C108,116.14,8011,voucher,0.03,False,0.03
T100388,C122,97.09,5941,voucher,0.03,False,0.03
T100389,C127,70.17,5411,credit,0.0,True,0.0
T100390,C104,66.9,8011,pix_credit,0.03,False,0.03
T100391,C141,26.21,5812,debit,0.0,True,0.025
T100392,C149,413.61,5812,debit,0.028,False,0.028
T100393,C127,260.01,7512,pix_debit,0.0,True,0.0
T100394,C100,128.07,5812,debit,0.03,False,0.03
T100395,C139,26.94,7512,pix_credit,0.0,True,0.0
T100396,C124,268.49,4511,voucher,0.03,False,0.03
T100397,C114,57.71,8011,pix_debit,0.025,False,0.0
T100398,C117,406.45,5813,debit,0.0,True,0.0
T100399,C137,90.0,5941,debit,0.028,False,0.028
T100400,C148,154.18,5411,pix_debit,0.028,False,0.0
T100401,C148,342.68,5813,debit,0.028,False,0.028
T100402,C126,301.3,8011,credit,0.03,False,0.03
T100403,C111,633.14,8299,debit,0.03,False,0.0
T100404,C107,119.66,5941,debit,0.0,True,0.0
T100405,C146,410.02,5813,debit,0.028,False,0.028
T100406,C148,47.72,5941,pix_credit,0.028,False,0.028
T100407,C101,1087.43,8299,debit,0.028,False,0.0
T100408,C140,542.22,8011,pix_credit,0.025,False,0.025
T100409,C121,442.39,4511,pix_debit,0.03,False,0.0
T100410,C141,189.96,5411,credit,0.0,True,0.025
T100411,C126,510.66,5813,credit,0.03,False,0.03
T100412,C131,35.84,5813,credit,0.03,False,0.03
T100413,C138,378.62,8011,credit,0.03,False,0.03
T100414,C119,57.25,5941,pix_debit,0.025,False,0.0
T100415,C100,110.18,4511,credit,0.03,False,0.03
T100416,C133,347.13,5813,pix_credit,0.025,False,0.025
T100417,C149,179.68,5812,debit,0.028,False,0.028
T100418,C134,108.49,5812,credit,0.03,False,0.03
T100419,C141,64.16,7512,credit,0.0,True,0.025
T100420,C136,101.87,5812,credit,0.028,False,0.028
T100421,C144,54.12,5941,debit,0.025,False,0.025
T100422,C112,306.29,5941,pix_debit,0.03,False,0.0
T100423,C140,149.5,5813,debit,0.025,False,0.025
T100424,C122,159.54,4511,credit,0.03,False,0.03
T100425,C139,324.51,5813,voucher,0.0,True,0.0
T100426,C112,370.49,8299,pix_debit,0.03,False,0.0
T100427,C108,59.39,8011,voucher,0.03,False,0.03
T100428,C117,78.22,5813,debit,0.0,True,0.0
T100429,C146,21.41,8011,pix_debit,0.028,False,0.0
T100430,C143,817.71,8011,pix_debit,0.028,False,0.0
T100431,C139,135.01999999999998,5813,pix_debit,0.0,True,0.0
T100432,C126,69.22,5411,debit,0.03,False,0.03
T100433,C108,100.72,8299,credit,0.03,False,0.0
T100434,C133,129.29000000000002,7512,debit,0.025,False,0.025
T100435,C132,62.39,4511,debit,0.028,False,0.028
T100436,C138,89.7,7512,debit,0.03,False,0.03
T100437,C102,136.41,5813,credit,0.028,False,0.028
T100438,C147,340.91,8299,pix_credit,0.03,False,0.0
T100439,C109,378.4,5813,credit,0.028,False,0.028
T100440,C146,56.02,8299,debit,0.028,False,0.0
T100441,C110,221.19,5813,pix_debit,0.025,False,0.0
T100442,C115,104.85,4511,debit,0.03,False,0.03
T100443,C118,96.57,4511,pix_debit,0.025,False,0.0
T100444,C130,25.36,8011,debit,0.0,True,0.025
T100445,C100,44.74,8299,credit,0.03,False,0.0
T100446,C123,356.88,8299,pix_debit,0.025,False,0.0
T100447,C143,856.44,5813,credit,0.028,False,0.028
T100448,C107,471.43,8299,pix_debit,0.0,True,0.0
T100449,C102,72.62,4511,credit,0.028,False,0.028
T100450,C116,89.32,8011,credit,0.03,False,0.03
T100451,C117,306.53,7512,pix_debit,0.0,True,0.0
T100452,C143,43.47,7512,credit,0.028,False,0.028
T100453,C119,154.74,5813,voucher,0.025,False,0.025
T100454,C144,520.11,8011,credit,0.025,False,0.025
T100455,C116,160.84,4511,debit,0.03,False,0.03
T100456,C127,564.82,5941,credit,0.0,True,0.0
T100457,C137,1354.73,8299,credit,0.028,False,0.0
T100458,C102,141.29,8011,debit,0.028,False,0.028
T100459,C135,60.41,5411,pix_debit,0.028,False,0.0
T100460,C117,210.2,5941,debit,0.0,True,0.0
T100461,C147,197.42,8011,credit,0.03,False,0.03
T100462,C133,409.44,5941,debit,0.025,False,0.025
T100463,C105,238.35,7512,credit,0.028,False,0.028
T100464,C111,84.78,8011,pix_credit,0.03,False,0.03
T100465,C121,481.14,7512,credit,0.03,False,0.03
T100466,C112,191.19,7512,debit,0.03,False,0.03
T100467,C120,297.8,5411,debit,0.025,False,0.025
T100468,C136,306.58,7512,credit,0.028,False,0.028
T100469,C143,59.18,5411,credit,0.028,False,0.028
T100470,C141,633.32,5941,debit,0.0,True,0.025
T100471,C121,236.75,8299,credit,0.03,False,0.0
T100472,C127,208.4,8011,debit,0.0,True,0.0
T100473,C140,138.45,8299,debit,0.025,False,0.0
T100474,C144,232.44,5411,credit,0.025,False,0.025
T100475,C101,148.32,5812,credit,0.028,False,0.028
T100476,C140,1880.87,7512,credit,0.025,False,0.025
T100477,C148,61.07,5813,credit,0.028,False,0.028
T100478,C103,270.47,5411,credit,0.025,False,0.025
T100479,C103,67.08,7512,credit,0.025,False,0.025
T100480,C121,83.47,8299,pix_debit,0.03,False,0.0
T100481,C100,425.4,8011,pix_credit,0.03,False,0.03
T100482,C112,154.84,8299,pix_credit,0.03,False,0.0
T100483,C133,135.01999999999998,8299,pix_debit,0.025,False,0.0
T100484,C138,86.53,5941,debit,0.03,False,0.03
T100485,C106,90.01,5411,debit,0.025,False,0.025
T100486,C120,360.44,5813,credit,0.025,False,0.025
T100487,C121,162.95,5813,pix_credit,0.03,False,0.03
T100488,C140,127.27,5812,credit,0.025,False,0.025
T100489,C105,21.61,8299,debit,0.028,False,0.0
T100490,C149,109.54,5812,pix_credit,0.028,False,0.028
T100491,C131,169.29,8011,credit,0.03,False,0.03
T100492,C125,332.7,4511,debit,0.025,False,0.025
T100493,C124,220.54,8011,credit,0.03,False,0.03
T100494,C120,108.34,5941,pix_credit,0.025,False,0.025
T100495,C134,190.95,4511,credit,0.03,False,0.03
T100496,C144,237.26,5941,credit,0.025,False,0.025
T100497,C119,527.24,4511,credit,0.025,False,0.025
T100498,C145,1952.74,4511,debit,0.028,False,0.028
T100499,C128,1410.98,8011,credit,0.0,True,0.0
T100500,C122,186.8,4511,credit,0.03,False,0.03
T100501,C107,312.47,5813,pix_debit,0.0,True,0.0
T100502,C122,296.27,8299,pix_credit,0.03,False,0.0
T100503,C132,94.89,4511,credit,0.028,False,0.028
T100504,C124,42.24,4511,debit,0.03,False,0.03
T100505,C101,288.65,5411,credit,0.028,False,0.028
T100506,C120,136.26999999999998,5411,debit,0.025,False,0.025
T100507,C135,478.63,5411,credit,0.028,False,0.028
T100508,C130,118.65,7512,debit,0.0,True,0.025
T100509,C119,105.31,7512,pix_credit,0.025,False,0.025
T100510,C103,290.9,8011,debit,0.025,False,0.025
T100511,C100,494.48,5812,credit,0.03,False,0.03
T100512,C145,268.61,5813,credit,0.028,False,0.028
T100513,C104,100.12,8011,debit,0.03,False,0.03
T100514,C111,80.67,7512,debit,0.03,False,0.03
T100515,C122,202.54,5941,debit,0.03,False,0.03
T100516,C142,339.11,5812,credit,0.0,True,0.0
T100517,C122,51.49,5411,credit,0.03,False,0.03
T100518,C112,372.11,8299,pix_debit,0.03,False,0.0
T100519,C127,377.33,5941,debit,0.0,True,0.0
T100520,C126,117.79,7512,credit,0.03,False,0.03
T100521,C142,262.96000000000004,4511,voucher,0.0,True,0.0
T100522,C100,113.0,8011,credit,0.03,False,0.03
T100523,C149,141.89,5813,credit,0.028,False,0.028
T100524,C130,87.61,5411,pix_credit,0.0,True,0.025
T100525,C149,578.08,7512,credit,0.028,False,0.028
T100526,C104,293.55,7512,debit,0.03,False,0.03
T100527,C130,115.42,5812,pix_debit,0.0,True,0.0
T100528,C122,239.45,5813,debit,0.03,False,0.03
T100529,C138,349.28,5813,credit,0.03,False,0.03
T100530,C138,200.59,4511,pix_credit,0.03,False,0.03
T100531,C144,25.29,5411,credit,0.025,False,0.025
T100532,C135,72.5,5941,voucher,0.028,False,0.028
T100533,C123,233.36,8011,pix_debit,0.025,False,0.0
T100534,C126,142.87,8011,credit,0.03,False,0.03
T100535,C130,69.4,4511,credit,0.0,True,0.025
T100536,C142,68.0,5411,credit,0.0,True,0.0
T100537,C107,437.66,8299,pix_credit,0.0,True,0.0
T100538,C102,145.28,5812,credit,0.028,False,0.028
T100539,C138,910.6,7512,debit,0.03,False,0.03
T100540,C127,204.95,5813,pix_credit,0.0,True,0.0
T100541,C100,671.04,5812,credit,0.03,False,0.03
T100542,C148,349.13,5941,pix_debit,0.028,False,0.0
T100543,C119,39.6,7512,credit,0.025,False,0.025
T100544,C129,133.25,8299,credit,0.03,False,0.0
T100545,C146,31.72,8299,pix_credit,0.028,False,0.0
T100546,C135,310.88,8299,credit,0.028,False,0.0
T100547,C139,207.87,8011,credit,0.0,True,0.0
T100548,C114,506.0,7512,credit,0.025,False,0.025
T100549,C146,258.93,5941,debit,0.028,False,0.028
T100550,C131,236.22,5411,credit,0.03,False,0.03
T100551,C149,197.71,5411,pix_debit,0.028,False,0.0
T100552,C138,415.45,5812,pix_debit,0.03,False,0.0
T100553,C148,191.08,5812,credit,0.028,False,0.028
T100554,C104,136.09,5941,voucher,0.03,False,0.03
T100555,C139,83.03,5941,debit,0.0,True,0.0
T100556,C117,491.8,4511,credit,0.0,True,0.0
T100557,C127,237.22,5812,debit,0.0,True,0.0
T100558,C126,152.62,4511,pix_debit,0.03,False,0.0
T100559,C120,98.27,7512,credit,0.025,False,0.025
T100560,C102,114.66,7512,debit,0.028,False,0.028
T100561,C126,823.27,8011,debit,0.03,False,0.03
T100562,C107,65.52000000000001,7512,pix_credit,0.0,True,0.0
T100563,C148,88.48,7512,debit,0.028,False,0.028
T100564,C120,284.13,5812,debit,0.025,False,0.025
T100565,C133,407.3,5941,pix_debit,0.025,False,0.0
T100566,C140,143.45,4511,pix_debit,0.025,False,0.0
T100567,C114,63.3,8011,credit,0.025,False,0.025
T100568,C124,188.92,8011,credit,0.03,False,0.03
T100569,C109,96.81,7512,voucher,0.028,False,0.028
T100570,C130,46.66,8011,pix_credit,0.0,True,0.025
T100571,C131,257.3,5411,debit,0.03,False,0.03
T100572,C130,58.97,5411,debit,0.0,True,0.025
T100573,C101,864.98,5812,credit,0.028,False,0.028
T100574,C145,332.88,4511,debit,0.028,False,0.028
T100575,C126,306.31,5411,credit,0.03,False,0.03
T100576,C106,171.67,4511,credit,0.025,False,0.025
T100577,C146,85.04,5411,credit,0.028,False,0.028
T100578,C125,1128.33,7512,pix_debit,0.025,False,0.0
T100579,C120,127.93,5813,credit,0.025,False,0.025
T100580,C149,125.24,5813,credit,0.028,False,0.028
T100581,C148,108.17,5941,credit,0.028,False,0.028
T100582,C104,77.33,7512,credit,0.03,False,0.03
T100583,C137,290.98,5941,pix_debit,0.028,False,0.0
T100584,C133,187.79,5411,credit,0.025,False,0.025
T100585,C106,349.59,5411,credit,0.025,False,0.025
T100586,C143,101.43,8011,credit,0.028,False,0.028
T100587,C116,73.91,5813,debit,0.03,False,0.03
T100588,C104,57.41,8011,debit,0.03,False,0.03
T100589,C149,116.56,4511,debit,0.028,False,0.028
T100590,C109,133.1,8011,debit,0.028,False,0.028
T100591,C143,49.77,5813,pix_debit,0.028,False,0.0
T100592,C146,31.03,8299,credit,0.028,False,0.0
T100593,C124,2134.55,5812,credit,0.03,False,0.03
T100594,C108,118.68,7512,credit,0.03,False,0.03
T100595,C101,460.43,8299,pix_credit,0.028,False,0.0
T100596,C101,55.46,4511,credit,0.028,False,0.028
T100597,C104,155.33,5813,pix_credit,0.03,False,0.03
T100598,C135,74.84,5813,debit,0.028,False,0.028
T100599,C119,67.71000000000001,5813,debit,0.025,False,0.025
T100600,C148,900.46,8299,credit,0.028,False,0.0
T100601,C134,112.72,5812,credit,0.03,False,0.03
T100602,C114,80.75,5941,credit,0.025,False,0.025
T100603,C104,72.21000000000001,5812,debit,0.03,False,0.03
T100604,C135,146.44,8299,credit,0.028,False,0.0
T100605,C144,293.28,5941,credit,0.025,False,0.025
T100606,C120,98.97,4511,pix_debit,0.025,False,0.0
T100607,C107,116.2,5813,debit,0.0,True,0.0
T100608,C136,122.97,5411,pix_credit,0.028,False,0.028
T100609,C113,153.43,5813,pix_debit,0.028,False,0.0
T100610,C148,81.05,5941,pix_debit,0.028,False,0.0
T100611,C105,325.12,8299,credit,0.028,False,0.0
T100612,C118,170.4,5813,debit,0.025,False,0.025
T100613,C134,96.97,5812,debit,0.03,False,0.03
T100614,C123,38.9,4511,debit,0.025,False,0.025
T100615,C137,182.87,5812,pix_debit,0.028,False,0.0
T100616,C109,173.52,4511,debit,0.028,False,0.028
T100617,C107,80.67,5941,debit,0.0,True,0.0
T100618,C113,80.7,5941,credit,0.028,False,0.028
T100619,C144,425.04,5813,pix_debit,0.025,False,0.0
T100620,C115,112.1,5813,pix_debit,0.03,False,0.0
T100621,C120,78.9,5941,credit,0.025,False,0.025
T100622,C105,33.96,4511,pix_credit,0.028,False,0.028
T100623,C148,227.81,5813,pix_debit,0.028,False,0.0
T100624,C133,92.96,5941,credit,0.025,False,0.025
T100625,C133,80.44,5812,debit,0.025,False,0.025
T100626,C113,113.89,5813,pix_debit,0.028,False,0.0
T100627,C141,68.72999999999999,5812,debit,0.0,True,0.025
T100628,C126,306.16,8011,debit,0.03,False,0.03
T100629,C113,563.71,4511,voucher,0.028,False,0.028
T100630,C131,251.62,5411,credit,0.03,False,0.03
T100631,C130,373.69,5411,pix_debit,0.0,True,0.0
T100632,C106,420.76,5411,credit,0.025,False,0.025
T100633,C128,584.84,4511,credit,0.0,True,0.0
T100634,C145,234.69,4511,credit,0.028,False,0.028
T100635,C131,271.19,5813,pix_credit,0.03,False,0.03
T100636,C109,293.06,5941,pix_credit,0.028,False,0.028
T100637,C111,227.57,4511,credit,0.03,False,0.03
T100638,C134,62.15,5411,credit,0.03,False,0.03
T100639,C112,63.01,7512,credit,0.03,False,0.03
T100640,C125,311.01,8299,credit,0.025,False,0.0
T100641,C147,110.17,5813,pix_credit,0.03,False,0.03
T100642,C144,249.02,4511,debit,0.025,False,0.025
T100643,C120,378.47,8011,debit,0.025,False,0.025
T100644,C102,208.38,8011,debit,0.028,False,0.028
T100645,C128,459.13,5941,credit,0.0,True,0.0
T100646,C124,176.27,4511,credit,0.03,False,0.03
T100647,C113,169.65,5941,debit,0.028,False,0.028
T100648,C148,195.41,5941,debit,0.028,False,0.028
T100649,C102,279.13,5813,debit,0.028,False,0.028
T100650,C129,142.03,7512,debit,0.03,False,0.03
T100651,C134,138.59,8011,debit,0.03,False,0.03
T100652,C146,76.68,5941,credit,0.028,False,0.028
T100653,C139,85.22,5813,credit,0.0,True,0.0
T100654,C140,111.81,5941,pix_debit,0.025,False,0.0
T100655,C129,80.42,5813,credit,0.03,False,0.03
T100656,C124,614.02,7512,debit,0.03,False,0.03
T100657,C120,360.49,5812,credit,0.025,False,0.025
T100658,C112,351.14,4511,credit,0.03,False,0.03
T100659,C125,92.59,5812,credit,0.025,False,0.025
T100660,C136,257.21000000000004,5813,pix_debit,0.028,False,0.0
T100661,C103,321.93,4511,credit,0.025,False,0.025
T100662,C100,839.45,5812,pix_debit,0.03,False,0.0
T100663,C138,334.47,4511,debit,0.03,False,0.03
T100664,C108,84.97,5411,pix_debit,0.03,False,0.0
T100665,C123,673.91,5813,pix_debit,0.025,False,0.0
T100666,C147,116.84,5411,pix_debit,0.03,False,0.0
T100667,C112,28.97,8011,credit,0.03,False,0.03
T100668,C117,232.85,4511,pix_debit,0.0,True,0.0
T100669,C111,67.06,5813,debit,0.03,False,0.03
T100670,C104,240.62,5813,pix_debit,0.03,False,0.0
T100671,C138,154.92,8011,debit,0.03,False,0.03
T100672,C138,74.22,5812,pix_debit,0.03,False,0.0
T100673,C130,64.5,8299,debit,0.0,True,0.0
T100674,C142,331.23,8299,credit,0.0,True,0.0
T100675,C123,171.99,5813,pix_debit,0.025,False,0.0
T100676,C110,211.18,5941,pix_debit,0.025,False,0.0
T100677,C132,87.87,5812,pix_debit,0.028,False,0.0
T100678,C133,82.8,8299,credit,0.025,False,0.0
T100679,C148,593.24,5812,credit,0.028,False,0.028
T100680,C107,40.35,8299,debit,0.0,True,0.0
T100681,C110,23.71,8299,debit,0.025,False,0.0
T100682,C121,128.51999999999998,8011,debit,0.03,False,0.03
T100683,C142,148.04,5941,debit,0.0,True,0.0
T100684,C147,143.12,5812,credit,0.03,False,0.03
T100685,C102,1021.66,5812,pix_debit,0.028,False,0.0
T100686,C112,257.03,7512,debit,0.03,False,0.03
T100687,C113,279.43,5812,debit,0.028,False,0.028
T100688,C100,138.91,8011,credit,0.03,False,0.03
T100689,C122,1458.33,7512,debit,0.03,False,0.03
T100690,C143,222.28,8299,credit,0.028,False,0.0
T100691,C109,1418.79,4511,voucher,0.028,False,0.028
T100692,C125,439.2,5812,debit,0.025,False,0.025
T100693,C119,179.09,5812,credit,0.025,False,0.025
T100694,C144,26.94,4511,credit,0.025,False,0.025
T100695,C149,70.96000000000001,5813,debit,0.028,False,0.028
T100696,C146,473.53,7512,credit,0.028,False,0.028
T100697,C103,83.42,8011,credit,0.025,False,0.025
T100698,C143,334.93,4511,pix_credit,0.028,False,0.028
T100699,C121,238.13,5813,voucher,0.03,False,0.03
T100700,C129,56.96,4511,debit,0.03,False,0.03
T100701,C149,306.21,8011,debit,0.028,False,0.028
T100702,C131,71.02000000000001,5812,debit,0.03,False,0.03
T100703,C121,305.32,4511,debit,0.03,False,0.03
T100704,C136,102.17,7512,credit,0.028,False,0.028
T100705,C131,218.95,5812,pix_credit,0.03,False,0.03
T100706,C128,1519.65,4511,pix_credit,0.0,True,0.0
T100707,C104,202.2,5812,pix_debit,0.03,False,0.0
T100708,C109,348.27,5813,pix_debit,0.028,False,0.0
T100709,C127,184.21,4511,credit,0.0,True,0.0
T100710,C133,244.29,5812,credit,0.025,False,0.025
T100711,C135,88.51,7512,credit,0.028,False,0.028
T100712,C139,32.03,7512,credit,0.0,True,0.0
T100713,C110,44.44,7512,pix_debit,0.025,False,0.0
T100714,C147,516.4300000000001,5813,pix_debit,0.03,False,0.0
T100715,C118,125.4,8299,debit,0.025,False,0.0
T100716,C120,28.09,7512,pix_debit,0.025,False,0.0
T100717,C141,3165.52,5812,credit,0.0,True,0.025
T100718,C112,64.71000000000001,4511,credit,0.03,False,0.03
T100719,C124,85.19,8299,credit,0.03,False,0.0
T100720,C126,119.69,8011,debit,0.03,False,0.03
T100721,C130,174.03,8011,credit,0.0,True,0.025
T100722,C104,220.17,4511,credit,0.03,False,0.03
T100723,C127,204.44,5941,credit,0.0,True,0.0
T100724,C129,270.78,8299,pix_debit,0.03,False,0.0
T100725,C121,99.17,7512,debit,0.03,False,0.03
T100726,C148,165.51,5411,pix_credit,0.028,False,0.028
T100727,C120,95.13,5812,debit,0.025,False,0.025
T100728,C132,95.75,7512,debit,0.028,False,0.028
T100729,C144,294.57,8011,pix_debit,0.025,False,0.0
T100730,C111,339.04,8011,debit,0.03,False,0.03
T100731,C114,46.46,5813,pix_credit,0.025,False,0.025
T100732,C137,176.77,5813,credit,0.028,False,0.028
T100733,C124,133.76999999999998,5411,pix_credit,0.03,False,0.03
T100734,C127,53.43,5941,voucher,0.0,True,0.0
T100735,C100,323.67,5411,pix_debit,0.03,False,0.0
T100736,C112,104.34,5411,debit,0.03,False,0.03
T100737,C121,39.29,5941,credit,0.03,False,0.03
T100738,C117,304.67,5812,debit,0.0,True,0.0
T100739,C133,311.46,5941,debit,0.025,False,0.025
T100740,C112,618.7,7512,pix_credit,0.03,False,0.03
T100741,C110,214.92,8011,debit,0.025,False,0.025
T100742,C104,122.18,4511,pix_debit,0.03,False,0.0
T100743,C142,69.84,8011,credit,0.0,True,0.0
T100744,C128,370.54,5941,credit,0.0,True,0.0
T100745,C107,51.98,7512,debit,0.0,True,0.0
T100746,C122,197.02,5813,debit,0.03,False,0.03
T100747,C104,46.04,5813,debit,0.03,False,0.03
T100748,C143,472.1,5812,credit,0.028,False,0.028
T100749,C137,243.96,5813,pix_credit,0.028,False,0.028
T100750,C115,162.4,7512,pix_credit,0.03,False,0.03
T100751,C124,58.56,8011,debit,0.03,False,0.03
T100752,C141,341.3,7512,credit,0.0,True,0.025
T100753,C118,150.39,5411,debit,0.025,False,0.025
T100754,C112,87.88,8011,debit,0.03,False,0.03
T100755,C124,190.97,5812,debit,0.03,False,0.03
T100756,C114,142.79,8299,credit,0.025,False,0.0
T100757,C118,310.92,8299,debit,0.025,False,0.0
T100758,C109,43.24,8011,debit,0.028,False,0.028
T100759,C111,311.4,5411,credit,0.03,False,0.03
T100760,C102,33.83,5812,pix_credit,0.028,False,0.028
T100761,C131,509.18,7512,pix_credit,0.03,False,0.03
T100762,C111,56.5,5812,debit,0.03,False,0.03
T100763,C100,215.9,8299,credit,0.03,False,0.0
T100764,C149,131.44,5411,pix_debit,0.028,False,0.0
T100765,C147,71.27000000000001,8299,voucher,0.03,False,0.0
T100766,C113,534.72,5812,pix_debit,0.028,False,0.0
T100767,C114,243.7,7512,credit,0.025,False,0.025
T100768,C136,227.89,5812,credit,0.028,False,0.028
T100769,C109,50.97,8011,debit,0.028,False,0.028
T100770,C117,69.95,5941,pix_debit,0.0,True,0.0
T100771,C113,121.08,8299,debit,0.028,False,0.0
T100772,C118,25.39,5941,pix_credit,0.025,False,0.025
T100773,C116,163.71,5812,debit,0.03,False,0.03
T100774,C114,79.84,5411,credit,0.025,False,0.025
T100775,C132,93.0,5941,credit,0.028,False,0.028
T100776,C135,110.29,8299,credit,0.028,False,0.0
T100777,C137,817.39,5411,debit,0.028,False,0.028
T100778,C139,3295.0,8299,debit,0.0,True,0.0
T100779,C126,123.32,7512,voucher,0.03,False,0.03
T100780,C107,552.16,8299,credit,0.0,True,0.0
T100781,C121,55.28,5813,pix_credit,0.03,False,0.03
T100782,C136,59.13,4511,pix_credit,0.028,False,0.028
T100783,C123,44.28,5812,credit,0.025,False,0.025
T100784,C124,348.66,5941,debit,0.03,False,0.03
T100785,C142,427.2,4511,debit,0.0,True,0.0
T100786,C142,153.69,5411,pix_debit,0.0,True,0.0
T100787,C105,382.99,5941,debit,0.028,False,0.028
T100788,C114,438.26,8011,debit,0.025,False,0.025
T100789,C110,323.93,5941,credit,0.025,False,0.025
T100790,C108,429.17,5941,debit,0.03,False,0.03
T100791,C146,564.58,5941,pix_debit,0.028,False,0.0
T100792,C148,76.91,7512,credit,0.028,False,0.028
T100793,C141,91.55,5813,pix_debit,0.0,True,0.0
T100794,C105,115.0,7512,pix_credit,0.028,False,0.028
T100795,C133,22.75,8299,pix_debit,0.025,False,0.0
T100796,C109,629.49,5813,debit,0.028,False,0.028
T100797,C123,296.8,5812,debit,0.025,False,0.025
T100798,C106,337.7,8299,credit,0.025,False,0.0
T100799,C147,146.79,5941,pix_debit,0.03,False,0.0
T100800,C137,348.73,5812,pix_debit,0.028,False,0.0
T100801,C128,239.02,8011,credit,0.0,True,0.0
T100802,C121,767.51,8299,debit,0.03,False,0.0
T100803,C131,211.79,5411,debit,0.03,False,0.03
T100804,C107,127.26,8011,credit,0.0,True,0.0
T100805,C111,198.72,5812,debit,0.03,False,0.03
T100806,C146,306.33,5813,credit,0.028,False,0.028
T100807,C110,65.28,8011,voucher,0.025,False,0.025
T100808,C123,263.93,7512,debit,0.025,False,0.025
T100809,C126,157.37,8299,credit,0.03,False,0.0
T100810,C100,167.38,7512,debit,0.03,False,0.03
T100811,C133,122.0,5411,credit,0.025,False,0.025
T100812,C115,35.66,8011,credit,0.03,False,0.03
T100813,C144,534.4,5812,pix_credit,0.025,False,0.025
T100814,C149,126.86,8011,voucher,0.028,False,0.028
T100815,C147,336.12,4511,credit,0.03,False,0.03
T100816,C101,76.27,8011,pix_debit,0.028,False,0.0
T100817,C105,110.69,8299,pix_debit,0.028,False,0.0
T100818,C141,41.89,5411,pix_debit,0.0,True,0.0
T100819,C115,316.19,4511,pix_credit,0.03,False,0.03
T100820,C117,59.66,5941,credit,0.0,True,0.0
T100821,C120,27.29,7512,pix_credit,0.025,False,0.025
T100822,C104,348.62,5941,debit,0.03,False,0.03
T100823,C136,227.05,5941,debit,0.028,False,0.028
T100824,C138,464.13,8299,credit,0.03,False,0.0
T100825,C122,52.85,5813,pix_credit,0.03,False,0.03
T100826,C111,203.62,5812,credit,0.03,False,0.03
T100827,C140,327.58,8299,debit,0.025,False,0.0
T100828,C125,263.99,7512,credit,0.025,False,0.025
T100829,C132,167.56,4511,credit,0.028,False,0.028
T100830,C124,183.63,5812,credit,0.03,False,0.03
T100831,C117,141.13,5941,debit,0.0,True,0.0
T100832,C102,18.96,8011,debit,0.028,False,0.028
T100833,C144,87.6,5411,debit,0.025,False,0.025
T100834,C117,210.6,8011,pix_credit,0.0,True,0.0
T100835,C111,252.74,8299,voucher,0.03,False,0.0
T100836,C141,179.84,8299,debit,0.0,True,0.0
T100837,C107,96.45,5813,credit,0.0,True,0.0
T100838,C102,63.71,7512,debit,0.028,False,0.028
T100839,C139,203.4,8299,credit,0.0,True,0.0
T100840,C113,161.73,5813,credit,0.028,False,0.028
T100841,C116,96.23,7512,credit,0.03,False,0.03
T100842,C119,97.91,5941,credit,0.025,False,0.025
T100843,C137,463.35,5812,debit,0.028,False,0.028
T100844,C147,217.21,5813,credit,0.03,False,0.03
T100845,C128,107.42,8011,credit,0.0,True,0.0
T100846,C115,331.4,5411,debit,0.03,False,0.03
T100847,C149,84.65,5411,debit,0.028,False,0.028
T100848,C120,171.63,5941,credit,0.025,False,0.025
T100849,C123,129.65,5812,credit,0.025,False,0.025
T100850,C131,738.8,5812,debit,0.03,False,0.03
T100851,C144,105.44,4511,pix_credit,0.025,False,0.025
T100852,C141,288.91,8299,debit,0.0,True,0.0
T100853,C132,572.68,7512,credit,0.028,False,0.028
T100854,C117,220.43,5812,debit,0.0,True,0.0
T100855,C142,200.3,5813,pix_debit,0.0,True,0.0
T100856,C127,39.69,4511,debit,0.0,True,0.0
T100857,C140,215.95,5812,debit,0.025,False,0.025
T100858,C116,806.73,8011,credit,0.03,False,0.03
T100859,C142,63.39,7512,debit,0.0,True,0.0
T100860,C127,135.86,8011,debit,0.0,True,0.0
T100861,C138,61.37,8011,pix_debit,0.03,False,0.0
T100862,C123,344.24,5812,credit,0.025,False,0.025
T100863,C113,195.44,7512,debit,0.028,False,0.028
T100864,C130,306.51,5411,pix_debit,0.0,True,0.0
T100865,C119,90.02,8011,pix_credit,0.025,False,0.025
T100866,C109,114.82,7512,debit,0.028,False,0.028
T100867,C144,107.24,5941,credit,0.025,False,0.025
T100868,C110,353.68,8299,pix_credit,0.025,False,0.0
T100869,C147,50.76,7512,credit,0.03,False,0.03
T100870,C118,158.55,7512,pix_debit,0.025,False,0.0
T100871,C139,120.36,8011,credit,0.0,True,0.0
T100872,C120,331.42,5813,credit,0.025,False,0.025
T100873,C117,699.83,8299,credit,0.0,True,0.0
T100874,C122,39.91,7512,credit,0.03,False,0.03
T100875,C133,564.03,5812,pix_credit,0.025,False,0.025
T100876,C147,266.41,8011,credit,0.03,False,0.03
T100877,C132,39.35,8299,pix_credit,0.028,False,0.0
T100878,C107,19.85,5411,credit,0.0,True,0.0
T100879,C119,180.93,4511,credit,0.025,False,0.025
T100880,C138,63.8,5411,credit,0.03,False,0.03
T100881,C114,843.21,5411,credit,0.025,False,0.025
T100882,C128,123.16,4511,credit,0.0,True,0.0
T100883,C106,72.25999999999999,8011,debit,0.025,False,0.025
T100884,C147,134.5,8011,debit,0.03,False,0.03
T100885,C124,81.19,5813,voucher,0.03,False,0.03
T100886,C142,527.92,5813,credit,0.0,True,0.0
T100887,C106,46.48,5813,credit,0.025,False,0.025
T100888,C107,490.46,8299,debit,0.0,True,0.0
T100889,C116,228.68,4511,pix_credit,0.03,False,0.03
T100890,C149,727.49,5812,pix_credit,0.028,False,0.028
T100891,C119,2437.8,8011,debit,0.025,False,0.025
T100892,C111,70.25,7512,credit,0.03,False,0.03
T100893,C138,729.93,5411,pix_credit,0.03,False,0.03
T100894,C146,40.09,7512,credit,0.028,False,0.028
T100895,C144,69.47999999999999,4511,debit,0.025,False,0.025
T100896,C149,719.13,7512,credit,0.028,False,0.028
T100897,C148,426.49,7512,credit,0.028,False,0.028
T100898,C107,732.72,5813,credit,0.0,True,0.0
T100899,C100,38.15,8299,debit,0.03,False,0.0
T100900,C147,48.71,8011,credit,0.03,False,0.03
T100901,C117,740.6,8299,debit,0.0,True,0.0
T100902,C110,51.65,5941,debit,0.025,False,0.025
T100903,C145,77.81,5411,pix_credit,0.028,False,0.028
T100904,C145,149.29,8299,debit,0.028,False,0.0
T100905,C143,229.79,5813,credit,0.028,False,0.028
T100906,C146,212.67,5812,credit,0.028,False,0.028
T100907,C143,628.72,8299,debit,0.028,False,0.0
T100908,C113,627.8,8299,credit,0.028,False,0.0
T100909,C136,144.87,5812,debit,0.028,False,0.028
T100910,C119,130.66,5941,credit,0.025,False,0.025
T100911,C112,133.61,5812,pix_debit,0.03,False,0.0
T100912,C122,92.43,5813,credit,0.03,False,0.03
T100913,C100,34.36,5812,debit,0.03,False,0.03
T100914,C145,399.74,8299,credit,0.028,False,0.0
T100915,C107,407.66,5812,credit,0.0,True,0.0
T100916,C145,218.92,5411,debit,0.028,False,0.028
T100917,C125,618.15,5813,voucher,0.025,False,0.025
T100918,C133,296.99,8299,voucher,0.025,False,0.0
T100919,C143,84.63,7512,debit,0.028,False,0.028
T100920,C115,382.86,5813,pix_debit,0.03,False,0.0
T100921,C111,107.67,5812,pix_debit,0.03,False,0.0
T100922,C145,99.85,7512,voucher,0.028,False,0.028
T100923,C122,362.89,5411,pix_debit,0.03,False,0.0
T100924,C148,694.22,5812,credit,0.028,False,0.028
T100925,C136,354.68,5813,credit,0.028,False,0.028
T100926,C117,123.81,8299,debit,0.0,True,0.0
T100927,C103,688.67,8299,debit,0.025,False,0.0
T100928,C137,132.88,8299,debit,0.028,False,0.0
T100929,C133,83.65,8299,credit,0.025,False,0.0
T100930,C110,68.05,5411,debit,0.025,False,0.025
T100931,C128,163.45,4511,debit,0.0,True,0.0
T100932,C147,35.4,5941,debit,0.03,False,0.03
T100933,C105,806.74,5941,credit,0.028,False,0.028
T100934,C137,405.06,5813,pix_credit,0.028,False,0.028
T100935,C112,68.11,8011,pix_credit,0.03,False,0.03
T100936,C147,163.85,5813,pix_debit,0.03,False,0.0
T100937,C111,91.05,5411,pix_credit,0.03,False,0.03
T100938,C148,54.3,8011,credit,0.028,False,0.028
T100939,C119,108.01,5813,credit,0.025,False,0.025
T100940,C111,283.79,5813,credit,0.03,False,0.03
T100941,C107,1139.63,8299,debit,0.0,True,0.0
T100942,C127,131.05,8011,credit,0.0,True,0.0
T100943,C108,576.76,4511,debit,0.03,False,0.03
T100944,C139,125.7,5411,debit,0.0,True,0.0
T100945,C113,287.66,4511,credit,0.028,False,0.028
T100946,C137,582.24,8011,credit,0.028,False,0.028
T100947,C104,174.71,8011,voucher,0.03,False,0.03
T100948,C104,34.44,8299,credit,0.03,False,0.0
T100949,C121,401.28,4511,pix_credit,0.03,False,0.03
T100950,C108,216.56,5813,pix_debit,0.03,False,0.0
T100951,C146,233.71,5411,credit,0.028,False,0.028
T100952,C131,407.84,7512,credit,0.03,False,0.03
T100953,C106,893.03,5941,debit,0.025,False,0.025
T100954,C103,71.84,4511,pix_credit,0.025,False,0.025
T100955,C103,591.46,5812,credit,0.025,False,0.025
T100956,C112,109.51,7512,debit,0.03,False,0.03
T100957,C109,175.9,8011,credit,0.028,False,0.028
T100958,C100,136.81,4511,voucher,0.03,False,0.03
T100959,C132,356.85,8011,credit,0.028,False,0.028
T100960,C125,37.23,5813,credit,0.025,False,0.025
T100961,C149,217.32,5812,pix_credit,0.028,False,0.028
T100962,C122,132.23000000000002,5813,credit,0.03,False,0.03
T100963,C104,76.47,5813,debit,0.03,False,0.03
T100964,C134,476.39,8299,pix_debit,0.03,False,0.0
T100965,C102,178.51,4511,credit,0.028,False,0.028
T100966,C143,296.67,5813,debit,0.028,False,0.028
T100967,C113,311.6,8299,debit,0.028,False,0.0
T100968,C137,176.62,8299,credit,0.028,False,0.0
T100969,C101,128.57999999999998,7512,credit,0.028,False,0.028
T100970,C122,442.71,5411,debit,0.03,False,0.03
T100971,C131,74.99,5812,debit,0.03,False,0.03
T100972,C124,662.09,8011,credit,0.03,False,0.03
T100973,C128,199.73,5813,debit,0.0,True,0.0
T100974,C133,50.29,8299,credit,0.025,False,0.0
T100975,C145,64.8,5411,debit,0.028,False,0.028
T100976,C133,434.94,5411,credit,0.025,False,0.025
T100977,C143,118.28,8299,debit,0.028,False,0.0
T100978,C117,83.1,7512,debit,0.0,True,0.0
T100979,C100,144.52,8011,credit,0.03,False,0.03
T100980,C131,64.36,5812,credit,0.03,False,0.03
T100981,C101,56.92,8299,credit,0.028,False,0.0
T100982,C114,72.0,8011,pix_debit,0.025,False,0.0
T100983,C136,1333.02,8011,debit,0.028,False,0.028
T100984,C129,54.55,5812,debit,0.03,False,0.03
T100985,C148,35.96,7512,debit,0.028,False,0.028
T100986,C143,92.4,8011,debit,0.028,False,0.028
T100987,C107,100.68,7512,debit,0.0,True,0.0
T100988,C112,141.81,7512,pix_debit,0.03,False,0.0
T100989,C132,99.35,8299,pix_credit,0.028,False,0.0
T100990,C141,591.39,5813,pix_debit,0.0,True,0.0
T100991,C140,271.96,5813,debit,0.025,False,0.025
T100992,C138,254.62,8011,pix_debit,0.03,False,0.0
T100993,C138,658.99,5813,debit,0.03,False,0.03
T100994,C148,137.99,8299,credit,0.028,False,0.0
T100995,C109,76.4,5813,credit,0.028,False,0.028
T100996,C121,185.23,5812,credit,0.03,False,0.03
T100997,C127,93.84,5411,debit,0.0,True,0.0
T100998,C148,544.88,4511,credit,0.028,False,0.028
T100999,C145,303.45,4511,credit,0.028,False,0.028
T101000,C107,167.46,5812,credit,0.0,True,0.0
T101001,C147,912.98,7512,credit,0.03,False,0.03
T101002,C146,30.67,8299,credit,0.028,False,0.0
T101003,C149,165.76,5812,pix_debit,0.028,False,0.0
T101004,C120,190.23,5941,credit,0.025,False,0.025
T101005,C111,82.68,5941,debit,0.03,False,0.03
T101006,C132,145.57,5411,pix_debit,0.028,False,0.0
T101007,C128,90.53,8011,debit,0.0,True,0.0
T101008,C133,247.93,8011,pix_debit,0.025,False,0.0
T101009,C126,971.74,8299,debit,0.03,False,0.0
T101010,C113,56.01,5812,debit,0.028,False,0.028
T101011,C117,532.01,5813,pix_credit,0.0,True,0.0
T101012,C120,317.25,8299,pix_debit,0.025,False,0.0
T101013,C141,359.63,4511,debit,0.0,True,0.025
T101014,C148,108.43,4511,credit,0.028,False,0.028
T101015,C101,178.96,7512,credit,0.028,False,0.028
T101016,C139,166.66,8011,credit,0.0,True,0.0
T101017,C136,35.9,4511,credit,0.028,False,0.028
T101018,C117,87.41,4511,debit,0.0,True,0.0
T101019,C125,86.55,7512,voucher,0.025,False,0.025
T101020,C106,1820.41,8011,pix_debit,0.025,False,0.0
T101021,C106,154.74,7512,voucher,0.025,False,0.025
T101022,C137,315.63,5812,credit,0.028,False,0.028
T101023,C108,221.32,8299,debit,0.03,False,0.0
T101024,C148,77.3,5812,credit,0.028,False,0.028
T101025,C122,257.2,4511,debit,0.03,False,0.03
T101026,C122,144.39,8011,debit,0.03,False,0.03
T101027,C102,483.74,5411,credit,0.028,False,0.028
T101028,C149,886.14,5941,debit,0.028,False,0.028
T101029,C107,84.1,4511,credit,0.0,True,0.0
T101030,C121,83.81,5813,pix_credit,0.03,False,0.03
T101031,C148,55.48,7512,credit,0.028,False,0.028
T101032,C122,56.33,5941,debit,0.03,False,0.03
T101033,C135,921.23,5813,pix_debit,0.028,False,0.0
T101034,C117,68.44,5813,credit,0.0,True,0.0
T101035,C122,99.52,5941,pix_debit,0.03,False,0.0
T101036,C106,79.11,8011,credit,0.025,False,0.025
T101037,C131,132.23000000000002,4511,pix_credit,0.03,False,0.03
T101038,C112,838.55,7512,credit,0.03,False,0.03
T101039,C104,254.45,5813,pix_credit,0.03,False,0.03
T101040,C111,286.39,5941,pix_debit,0.03,False,0.0
T101041,C105,574.85,5411,credit,0.028,False,0.028
T101042,C143,473.93,5813,credit,0.028,False,0.028
T101043,C107,181.96,8011,debit,0.0,True,0.0
T101044,C141,392.27,5813,debit,0.0,True,0.025
T101045,C111,188.24,4511,voucher,0.03,False,0.03
T101046,C117,158.13,5812,credit,0.0,True,0.0
T101047,C125,240.38,5411,debit,0.025,False,0.025
T101048,C110,148.45,7512,pix_credit,0.025,False,0.025
T101049,C108,233.37,5941,credit,0.03,False,0.03
T101050,C140,94.87,5813,pix_credit,0.025,False,0.025
T101051,C101,200.97,4511,pix_debit,0.028,False,0.0
T101052,C137,274.43,4511,credit,0.028,False,0.028
T101053,C147,240.07,5813,credit,0.03,False,0.03
T101054,C130,179.14,8299,debit,0.0,True,0.0
T101055,C116,551.18,5813,voucher,0.03,False,0.03
T101056,C149,64.07,5813,voucher,0.028,False,0.028
T101057,C118,63.86,4511,pix_credit,0.025,False,0.025
T101058,C110,146.54,5941,credit,0.025,False,0.025
T101059,C115,97.22,5411,credit,0.03,False,0.03
T101060,C122,48.96,8299,pix_debit,0.03,False,0.0
T101061,C132,103.86,7512,debit,0.028,False,0.028
T101062,C125,186.14,5411,credit,0.025,False,0.025
T101063,C145,298.8,8011,credit,0.028,False,0.028
T101064,C142,87.02,5812,credit,0.0,True,0.0
T101065,C140,599.13,7512,debit,0.025,False,0.025
T101066,C118,867.52,5941,pix_debit,0.025,False,0.0
T101067,C136,629.29,7512,credit,0.028,False,0.028
T101068,C131,75.4,5411,pix_debit,0.03,False,0.0
T101069,C148,87.4,7512,debit,0.028,False,0.028
T101070,C115,174.65,5941,pix_credit,0.03,False,0.03
T101071,C122,470.4,7512,pix_credit,0.03,False,0.03
T101072,C113,136.18,7512,credit,0.028,False,0.028
T101073,C120,87.93,7512,debit,0.025,False,0.025
T101074,C139,209.43,5813,debit,0.0,True,0.0
T101075,C116,509.74,5812,credit,0.03,False,0.03
T101076,C144,63.97,5813,pix_credit,0.025,False,0.025
T101077,C137,38.86,5812,debit,0.028,False,0.028
T101078,C128,196.19,5941,credit,0.0,True,0.0
T101079,C128,464.64,5941,pix_credit,0.0,True,0.0
T101080,C143,86.69,8011,pix_debit,0.028,False,0.0
T101081,C129,147.0,4511,credit,0.03,False,0.03
T101082,C142,82.95,8011,credit,0.0,True,0.0
T101083,C112,27.23,4511,pix_debit,0.03,False,0.0
T101084,C118,410.52,4511,debit,0.025,False,0.025
T101085,C141,94.73,7512,debit,0.0,True,0.025
T101086,C128,206.74,8011,pix_debit,0.0,True,0.0
T101087,C143,266.15,8011,pix_debit,0.028,False,0.0
T101088,C128,122.4,5812,pix_credit,0.0,True,0.0
T101089,C113,326.04,8011,debit,0.028,False,0.028
T101090,C118,158.61,4511,debit,0.025,False,0.025
T101091,C115,154.42,8299,pix_debit,0.03,False,0.0
T101092,C122,109.27,5411,credit,0.03,False,0.03
T101093,C138,587.64,5411,credit,0.03,False,0.03
T101094,C114,133.66,4511,credit,0.025,False,0.025
T101095,C118,48.8,8011,credit,0.025,False,0.025
T101096,C126,117.64,4511,pix_credit,0.03,False,0.03
T101097,C109,238.5,8011,debit,0.028,False,0.028
T101098,C140,90.01,4511,credit,0.025,False,0.025
T101099,C136,115.36,5941,credit,0.028,False,0.028
T101100,C139,57.31,5812,debit,0.0,True,0.0
T101101,C120,650.28,5941,credit,0.025,False,0.025
T101102,C116,48.12,5411,pix_credit,0.03,False,0.03
T101103,C128,27.26,7512,credit,0.0,True,0.0
T101104,C125,62.97,7512,debit,0.025,False,0.025
T101105,C137,59.87,7512,credit,0.028,False,0.028
T101106,C137,46.19,4511,credit,0.028,False,0.028
T101107,C123,47.89,4511,credit,0.025,False,0.025
T101108,C103,254.28,5813,pix_credit,0.025,False,0.025
T101109,C129,192.63,5813,pix_credit,0.03,False,0.03
T101110,C130,174.88,5812,credit,0.0,True,0.025
T101111,C120,125.22,5812,pix_credit,0.025,False,0.025
T101112,C110,377.51,5813,debit,0.025,False,0.025
T101113,C143,318.85,5813,voucher,0.028,False,0.028
T101114,C102,557.63,5411,pix_debit,0.028,False,0.0
T101115,C107,1168.62,5411,credit,0.0,True,0.0
T101116,C108,137.12,8299,debit,0.03,False,0.0
T101117,C146,34.2,5813,pix_debit,0.028,False,0.0
T101118,C149,32.93,8011,debit,0.028,False,0.028
T101119,C127,865.43,5813,credit,0.0,True,0.0
T101120,C146,178.24,5941,debit,0.028,False,0.028
T101121,C106,164.56,7512,debit,0.025,False,0.025
T101122,C108,300.19,5812,voucher,0.03,False,0.03
T101123,C112,184.26,7512,credit,0.03,False,0.03
T101124,C125,76.35,5813,credit,0.025,False,0.025
T101125,C119,621.06,5941,credit,0.025,False,0.025
T101126,C146,1056.3,5813,voucher,0.028,False,0.028
T101127,C129,126.94,5813,pix_credit,0.03,False,0.03
T101128,C143,524.27,5813,credit,0.028,False,0.028
T101129,C103,54.86,4511,pix_debit,0.025,False,0.0
T101130,C111,279.06,5813,credit,0.03,False,0.03
T101131,C110,54.82,7512,credit,0.025,False,0.025
T101132,C140,231.24,5812,debit,0.025,False,0.025
T101133,C129,47.84,5813,debit,0.03,False,0.03
T101134,C115,711.89,5941,credit,0.03,False,0.03
T101135,C146,42.05,8299,debit,0.028,False,0.0
T101136,C133,445.31,8299,debit,0.025,False,0.0
T101137,C122,216.41,4511,debit,0.03,False,0.03
T101138,C144,140.62,8011,pix_credit,0.025,False,0.025
T101139,C128,340.36,4511,credit,0.0,True,0.0
T101140,C127,170.99,5813,pix_debit,0.0,True,0.0
T101141,C139,487.29,7512,debit,0.0,True,0.0
T101142,C136,333.75,8011,pix_debit,0.028,False,0.0
T101143,C141,403.17,5812,credit,0.0,True,0.025
T101144,C118,43.61,5812,credit,0.025,False,0.025
T101145,C102,136.32999999999998,7512,credit,0.028,False,0.028
T101146,C107,53.38,8299,debit,0.0,True,0.0
T101147,C120,1246.36,5411,debit,0.025,False,0.025
T101148,C148,238.88,8011,debit,0.028,False,0.028
T101149,C113,61.58,5941,debit,0.028,False,0.028
T101150,C133,66.06,8011,credit,0.025,False,0.025
T101151,C135,325.17,5812,debit,0.028,False,0.028
T101152,C117,278.71,5411,voucher,0.0,True,0.0
T101153,C105,83.32,8011,credit,0.028,False,0.028
T101154,C126,169.07,8011,debit,0.03,False,0.03
T101155,C122,243.49,5941,credit,0.03,False,0.03
T101156,C102,583.4,7512,debit,0.028,False,0.028
T101157,C142,338.1,8011,credit,0.0,True,0.0
T101158,C112,38.8,5812,debit,0.03,False,0.03
T101159,C119,104.55,8299,pix_debit,0.025,False,0.0
T101160,C118,602.84,5812,pix_debit,0.025,False,0.0
T101161,C138,204.73,5812,pix_debit,0.03,False,0.0
T101162,C100,78.41,8299,debit,0.03,False,0.0
T101163,C128,75.97,8011,credit,0.0,True,0.0
T101164,C144,392.47,5411,debit,0.025,False,0.025
T101165,C136,49.07,5941,debit,0.028,False,0.028
T101166,C141,88.9,8011,pix_debit,0.0,True,0.0
T101167,C107,119.2,4511,pix_debit,0.0,True,0.0
T101168,C135,138.85,5812,debit,0.028,False,0.028
T101169,C129,57.3,5941,debit,0.03,False,0.03
T101170,C147,218.36,5411,credit,0.03,False,0.03
T101171,C111,18.96,8011,debit,0.03,False,0.03
T101172,C104,654.47,7512,credit,0.03,False,0.03
T101173,C145,175.39,4511,voucher,0.028,False,0.028
T101174,C134,800.27,5813,debit,0.03,False,0.03
T101175,C110,52.32,8299,pix_debit,0.025,False,0.0
T101176,C142,28.91,8011,credit,0.0,True,0.0
T101177,C142,132.56,4511,voucher,0.0,True,0.0
T101178,C143,106.77,4511,credit,0.028,False,0.028
T101179,C149,46.62,5941,credit,0.028,False,0.028
T101180,C106,635.03,8299,voucher,0.025,False,0.0
T101181,C128,110.81,5813,pix_debit,0.0,True,0.0
T101182,C140,705.47,5813,debit,0.025,False,0.025
T101183,C119,105.61,5941,debit,0.025,False,0.025
T101184,C104,329.39,7512,pix_credit,0.03,False,0.03
T101185,C114,144.83,5813,debit,0.025,False,0.025
T101186,C114,119.77,5813,debit,0.025,False,0.025
T101187,C136,192.99,5812,debit,0.028,False,0.028
T101188,C136,1518.36,8299,credit,0.028,False,0.0
T101189,C115,77.77,5411,pix_debit,0.03,False,0.0
T101190,C137,58.62,4511,voucher,0.028,False,0.028
T101191,C140,169.99,8299,pix_debit,0.025,False,0.0
T101192,C124,219.88,5411,credit,0.03,False,0.03
T101193,C102,119.21,5813,debit,0.028,False,0.028
T101194,C127,292.54,8299,credit,0.0,True,0.0
T101195,C108,151.17,8299,credit,0.03,False,0.0
T101196,C123,40.78,5812,debit,0.025,False,0.025
T101197,C134,39.510000000000005,7512,debit,0.03,False,0.03
T101198,C130,75.97,8011,credit,0.0,True,0.025
T101199,C112,224.78,5941,voucher,0.03,False,0.03
T101200,C131,265.6,5941,pix_debit,0.03,False,0.0
T101201,C103,29.07,8011,debit,0.025,False,0.025
T101202,C127,646.58,5411,pix_credit,0.0,True,0.0
T101203,C149,206.29,8299,credit,0.028,False,0.0
T101204,C113,182.07,5812,credit,0.028,False,0.028
T101205,C148,287.84,5411,credit,0.028,False,0.028
T101206,C121,517.54,4511,debit,0.03,False,0.03
T101207,C107,117.55,8299,voucher,0.0,True,0.0
T101208,C149,124.04,5411,pix_debit,0.028,False,0.0
T101209,C134,100.55,7512,debit,0.03,False,0.03
T101210,C121,232.52,5813,pix_debit,0.03,False,0.0
T101211,C141,114.85,4511,credit,0.0,True,0.025
T101212,C149,221.35,5812,credit,0.028,False,0.028
T101213,C143,49.05,5813,debit,0.028,False,0.028
T101214,C107,530.65,8011,voucher,0.0,True,0.0
T101215,C100,1617.24,5812,debit,0.03,False,0.03
T101216,C131,469.59,5411,debit,0.03,False,0.03
T101217,C136,333.45,8299,debit,0.028,False,0.0
T101218,C106,202.75,5813,debit,0.025,False,0.025
T101219,C124,89.36,5411,pix_debit,0.03,False,0.0
T101220,C135,401.33,7512,credit,0.028,False,0.028
T101221,C146,120.14,5941,debit,0.028,False,0.028
T101222,C126,103.28,7512,pix_debit,0.03,False,0.0
T101223,C121,143.32,5941,debit,0.03,False,0.03
T101224,C104,3321.84,8011,credit,0.03,False,0.03
T101225,C130,74.16,5411,voucher,0.0,True,0.025
T101226,C129,101.66,5411,credit,0.03,False,0.03
T101227,C125,405.15,5813,pix_credit,0.025,False,0.025
T101228,C133,192.33,5941,debit,0.025,False,0.025
T101229,C118,73.94,5411,debit,0.025,False,0.025
T101230,C144,123.97,8011,pix_debit,0.025,False,0.0
T101231,C134,94.93,7512,pix_credit,0.03,False,0.03
T101232,C131,54.5,5813,credit,0.03,False,0.03
T101233,C104,663.33,8011,pix_debit,0.03,False,0.0
T101234,C112,489.38,5941,debit,0.03,False,0.03
T101235,C104,66.49000000000001,8011,credit,0.03,False,0.03
T101236,C110,338.73,5812,credit,0.025,False,0.025
T101237,C144,207.68,8299,pix_credit,0.025,False,0.0
T101238,C133,32.21,5411,pix_credit,0.025,False,0.025
T101239,C148,156.69,7512,pix_debit,0.028,False,0.0
T101240,C130,150.33,5812,pix_credit,0.0,True,0.025
T101241,C124,75.52,4511,credit,0.03,False,0.03
T101242,C100,230.28,5812,credit,0.03,False,0.03
T101243,C113,90.7,5813,pix_debit,0.028,False,0.0
T101244,C146,88.13,5411,credit,0.028,False,0.028
T101245,C138,181.69,5941,credit,0.03,False,0.03
T101246,C144,443.61,5411,debit,0.025,False,0.025
T101247,C109,152.66,5941,credit,0.028,False,0.028
T101248,C132,40.94,5813,debit,0.028,False,0.028
T101249,C117,299.76,5941,credit,0.0,True,0.0
T101250,C117,247.03,5813,pix_credit,0.0,True,0.0
T101251,C146,376.67,8299,credit,0.028,False,0.0
T101252,C143,63.89,5941,debit,0.028,False,0.028
T101253,C119,67.77000000000001,5411,pix_debit,0.025,False,0.0
T101254,C125,80.56,8299,debit,0.025,False,0.0
T101255,C137,313.52,8011,credit,0.028,False,0.028
T101256,C132,65.21000000000001,5812,credit,0.028,False,0.028
T101257,C106,118.96,4511,pix_debit,0.025,False,0.0
T101258,C119,528.33,4511,debit,0.025,False,0.025
T101259,C103,291.63,5411,credit,0.025,False,0.025
T101260,C128,93.55,7512,pix_credit,0.0,True,0.0
T101261,C104,61.2,4511,credit,0.03,False,0.03
T101262,C143,84.26,8011,pix_debit,0.028,False,0.0
T101263,C135,167.21,5812,credit,0.028,False,0.028
T101264,C148,237.94,5941,credit,0.028,False,0.028
T101265,C120,190.9,7512,credit,0.025,False,0.025
T101266,C125,71.64,5941,pix_credit,0.025,False,0.025
T101267,C142,162.29,5941,pix_credit,0.0,True,0.0
T101268,C106,162.78,8299,debit,0.025,False,0.0
T101269,C136,662.61,8299,debit,0.028,False,0.0
T101270,C145,272.0,4511,credit,0.028,False,0.028
T101271,C146,993.87,4511,debit,0.028,False,0.028
T101272,C128,163.17,8011,debit,0.0,True,0.0
T101273,C136,534.45,5812,credit,0.028,False,0.028
T101274,C116,84.52,8011,pix_debit,0.03,False,0.0
T101275,C113,575.09,4511,pix_debit,0.028,False,0.0
T101276,C129,70.72,5812,pix_credit,0.03,False,0.03
T101277,C118,399.69,5812,debit,0.025,False,0.025
T101278,C110,77.73,5941,pix_debit,0.025,False,0.0
T101279,C130,270.3,8299,debit,0.0,True,0.0
T101280,C143,71.25999999999999,5813,pix_credit,0.028,False,0.028
T101281,C148,44.43,5411,credit,0.028,False,0.028
T101282,C131,341.36,8299,credit,0.03,False,0.0
T101283,C117,500.17,8011,voucher,0.0,True,0.0
T101284,C103,348.35,5411,debit,0.025,False,0.025
T101285,C129,640.03,5941,credit,0.03,False,0.03
T101286,C101,561.84,5813,pix_debit,0.028,False,0.0
T101287,C122,166.72,7512,credit,0.03,False,0.03
T101288,C124,137.3,5812,pix_credit,0.03,False,0.03
T101289,C126,160.76,5813,credit,0.03,False,0.03
T101290,C112,79.7,5813,credit,0.03,False,0.03
T101291,C106,78.47,5812,debit,0.025,False,0.025
T101292,C134,331.69,5941,credit,0.03,False,0.03
T101293,C148,377.64,5411,debit,0.028,False,0.028
T101294,C112,43.27,8011,credit,0.03,False,0.03
T101295,C114,111.25,5411,pix_debit,0.025,False,0.0
T101296,C107,1039.68,8299,debit,0.0,True,0.0
T101297,C129,238.34,5411,debit,0.03,False,0.03
T101298,C132,103.08,8011,debit,0.028,False,0.028
T101299,C104,137.25,5812,debit,0.03,False,0.03
T101300,C113,138.96,7512,debit,0.028,False,0.028
T101301,C108,743.73,5812,pix_credit,0.03,False,0.03
T101302,C146,1246.89,5812,debit,0.028,False,0.028
T101303,C127,86.97,5813,credit,0.0,True,0.0
T101304,C106,349.29,5812,credit,0.025,False,0.025
T101305,C144,297.97,5813,credit,0.025,False,0.025
T101306,C126,18.4,5812,credit,0.03,False,0.03
T101307,C120,101.25,5411,pix_debit,0.025,False,0.0
T101308,C144,170.45,5941,credit,0.025,False,0.025
T101309,C111,494.22,5941,pix_credit,0.03,False,0.03
T101310,C136,148.01,8011,credit,0.028,False,0.028
T101311,C101,272.67,4511,debit,0.028,False,0.028
T101312,C140,234.23,5941,credit,0.025,False,0.025
T101313,C135,1058.64,5411,pix_credit,0.028,False,0.028
T101314,C114,407.42,4511,debit,0.025,False,0.025
T101315,C138,43.22,8011,credit,0.03,False,0.03
T101316,C109,60.28,4511,credit,0.028,False,0.028
T101317,C145,831.57,4511,pix_credit,0.028,False,0.028
T101318,C144,422.67,5411,debit,0.025,False,0.025
T101319,C126,144.24,4511,credit,0.03,False,0.03
T101320,C100,141.22,8011,credit,0.03,False,0.03
T101321,C126,1411.31,7512,pix_credit,0.03,False,0.03
T101322,C140,40.04,5812,pix_credit,0.025,False,0.025
T101323,C108,141.93,4511,debit,0.03,False,0.03
T101324,C139,119.31,5411,credit,0.0,True,0.0
T101325,C146,393.3,5812,pix_credit,0.028,False,0.028
T101326,C141,495.55,5812,pix_credit,0.0,True,0.025
T101327,C136,251.12,8299,pix_debit,0.028,False,0.0
T101328,C102,148.08,5411,credit,0.028,False,0.028
T101329,C142,85.8,8011,credit,0.0,True,0.0
T101330,C131,246.16,5813,credit,0.03,False,0.03
T101331,C105,47.11,5941,pix_credit,0.028,False,0.028
T101332,C148,419.2,8011,credit,0.028,False,0.028
T101333,C148,142.89,8299,credit,0.028,False,0.0
T101334,C130,317.66,5812,debit,0.0,True,0.025
T101335,C110,83.67,5411,pix_debit,0.025,False,0.0
T101336,C121,54.88,5941,credit,0.03,False,0.03
T101337,C120,182.84,5813,debit,0.025,False,0.025
T101338,C127,547.95,5813,debit,0.0,True,0.0
T101339,C137,135.2,5813,credit,0.028,False,0.028
T101340,C137,49.24,5812,credit,0.028,False,0.028
T101341,C114,141.08,8299,debit,0.025,False,0.0
T101342,C125,101.53,4511,credit,0.025,False,0.025
T101343,C103,535.47,4511,credit,0.025,False,0.025
T101344,C127,165.61,5812,credit,0.0,True,0.0
T101345,C146,375.03,5411,debit,0.028,False,0.028
T101346,C149,357.77,4511,credit,0.028,False,0.028
T101347,C101,119.5,8011,credit,0.028,False,0.028
T101348,C139,92.7,5411,pix_debit,0.0,True,0.0
T101349,C146,616.0,8299,voucher,0.028,False,0.0
T101350,C118,246.1,5941,credit,0.025,False,0.025
T101351,C122,140.2,8299,debit,0.03,False,0.0
T101352,C122,63.85,5941,debit,0.03,False,0.03
T101353,C122,146.23,5812,pix_credit,0.03,False,0.03
T101354,C105,62.17,7512,debit,0.028,False,0.028
T101355,C133,635.53,7512,credit,0.025,False,0.025
T101356,C118,131.07999999999998,8299,voucher,0.025,False,0.0
T101357,C133,118.84,8299,debit,0.025,False,0.0
T101358,C107,268.91,5941,pix_debit,0.0,True,0.0
T101359,C120,94.32,8299,pix_credit,0.025,False,0.0
T101360,C109,274.32,7512,pix_debit,0.028,False,0.0
T101361,C113,71.31,5813,credit,0.028,False,0.028
T101362,C145,70.42,8299,debit,0.028,False,0.0
T101363,C108,54.3,8011,credit,0.03,False,0.03
T101364,C119,197.22,5813,debit,0.025,False,0.025
T101365,C129,477.26,8299,credit,0.03,False,0.0
T101366,C128,450.25,4511,credit,0.0,True,0.0
T101367,C124,144.27,5941,credit,0.03,False,0.03
T101368,C135,316.58,4511,pix_debit,0.028,False,0.0
T101369,C102,343.63,5813,pix_debit,0.028,False,0.0
T101370,C113,800.42,5812,credit,0.028,False,0.028
T101371,C109,118.75,5941,credit,0.028,False,0.028
T101372,C144,77.85,5941,debit,0.025,False,0.025
T101373,C141,95.27,8299,credit,0.0,True,0.0
T101374,C120,71.08,7512,credit,0.025,False,0.025
T101375,C102,100.83,8299,debit,0.028,False,0.0
T101376,C107,138.32,5411,voucher,0.0,True,0.0
T101377,C108,1088.68,7512,debit,0.03,False,0.03
T101378,C117,166.32,5941,credit,0.0,True,0.0
T101379,C119,609.75,5813,credit,0.025,False,0.025
T101380,C124,121.2,4511,debit,0.03,False,0.03
T101381,C135,716.28,7512,debit,0.028,False,0.028
T101382,C144,282.63,5812,credit,0.025,False,0.025
T101383,C120,23.31,5813,pix_credit,0.025,False,0.025
T101384,C112,125.01,7512,pix_debit,0.03,False,0.0
T101385,C107,242.48,8299,debit,0.0,True,0.0
T101386,C122,168.56,4511,pix_debit,0.03,False,0.0
T101387,C121,299.7,5813,credit,0.03,False,0.03
T101388,C145,124.99,5411,credit,0.028,False,0.028
T101389,C141,74.54,5411,credit,0.0,True,0.025
T101390,C104,570.19,5411,voucher,0.03,False,0.03
T101391,C116,88.66,5812,debit,0.03,False,0.03
T101392,C123,40.67,5411,credit,0.025,False,0.025
T101393,C112,180.79,5812,credit,0.03,False,0.03
T101394,C146,729.54,5411,debit,0.028,False,0.028
T101395,C131,140.49,5411,credit,0.03,False,0.03
T101396,C141,93.91,5813,pix_credit,0.0,True,0.025
T101397,C126,96.78,4511,pix_credit,0.03,False,0.03
T101398,C131,58.31,5411,credit,0.03,False,0.03
T101399,C116,153.04,8011,pix_debit,0.03,False,0.0
T101400,C123,204.69,5941,credit,0.025,False,0.025
T101401,C144,103.75,8011,debit,0.025,False,0.025
T101402,C115,108.68,5812,pix_debit,0.03,False,0.0
T101403,C149,284.32,5411,pix_debit,0.028,False,0.0
T101404,C134,290.05,5813,credit,0.03,False,0.03
T101405,C110,782.52,5812,credit,0.025,False,0.025
T101406,C127,108.55,5941,debit,0.0,True,0.0
T101407,C115,70.27000000000001,4511,credit,0.03,False,0.03
T101408,C145,404.05,4511,credit,0.028,False,0.028
T101409,C119,649.45,4511,voucher,0.025,False,0.025
T101410,C136,232.26,5941,pix_credit,0.028,False,0.028
T101411,C101,149.5,7512,pix_credit,0.028,False,0.028
T101412,C131,106.7,4511,credit,0.03,False,0.03
T101413,C119,71.37,5812,voucher,0.025,False,0.025
T101414,C125,258.02,5941,pix_debit,0.025,False,0.0
T101415,C113,102.41,8011,credit,0.028,False,0.028
T101416,C138,277.8,7512,pix_credit,0.03,False,0.03
T101417,C146,410.95,8011,debit,0.028,False,0.028
T101418,C110,77.64,5813,credit,0.025,False,0.025
T101419,C140,70.27000000000001,8299,debit,0.025,False,0.0
T101420,C119,83.71,4511,voucher,0.025,False,0.025
T101421,C145,382.29,5812,credit,0.028,False,0.028
T101422,C139,75.72,8299,debit,0.0,True,0.0
T101423,C118,188.89,5813,debit,0.025,False,0.025
T101424,C103,684.05,5812,pix_debit,0.025,False,0.0
T101425,C116,102.47,5813,pix_credit,0.03,False,0.03
T101426,C124,102.58,7512,credit,0.03,False,0.03
T101427,C147,102.2,7512,pix_debit,0.03,False,0.0
T101428,C107,829.4,7512,debit,0.0,True,0.0
T101429,C148,159.17,5812,debit,0.028,False,0.028
T101430,C104,163.63,7512,credit,0.03,False,0.03
T101431,C122,70.95,8299,voucher,0.03,False,0.0
T101432,C132,345.37,5813,pix_debit,0.028,False,0.0
T101433,C133,273.9,5812,debit,0.025,False,0.025
T101434,C143,129.3,7512,credit,0.028,False,0.028
T101435,C101,100.18,5411,credit,0.028,False,0.028
T101436,C108,103.23,5813,pix_debit,0.03,False,0.0
T101437,C130,144.08,8299,credit,0.0,True,0.0
T101438,C121,124.38,8299,debit,0.03,False,0.0
T101439,C132,370.69,7512,debit,0.028,False,0.028
T101440,C105,487.31,5411,debit,0.028,False,0.028
T101441,C115,203.46,8011,credit,0.03,False,0.03
T101442,C134,1187.89,5941,credit,0.03,False,0.03
T101443,C131,529.91,5813,pix_credit,0.03,False,0.03
T101444,C145,415.26,5941,debit,0.028,False,0.028
T101445,C102,177.62,8011,debit,0.028,False,0.028
T101446,C131,327.04,5813,pix_credit,0.03,False,0.03
T101447,C132,182.56,7512,debit,0.028,False,0.028
T101448,C142,39.55,5812,pix_debit,0.0,True,0.0
T101449,C115,197.8,7512,debit,0.03,False,0.03
T101450,C126,124.79,7512,pix_credit,0.03,False,0.03
T101451,C143,707.79,8299,pix_debit,0.028,False,0.0
T101452,C105,191.62,7512,credit,0.028,False,0.028
T101453,C110,464.76,5941,pix_debit,0.025,False,0.0
T101454,C142,545.13,5813,credit,0.0,True,0.0
T101455,C124,301.37,5813,credit,0.03,False,0.03
T101456,C122,138.19,5812,credit,0.03,False,0.03
T101457,C105,79.3,8299,credit,0.028,False,0.0
T101458,C128,87.34,5812,credit,0.0,True,0.0
T101459,C114,204.35,4511,credit,0.025,False,0.025
T101460,C115,939.71,5411,credit,0.03,False,0.03
T101461,C127,97.01,5411,credit,0.0,True,0.0
T101462,C134,191.62,5813,pix_debit,0.03,False,0.0
T101463,C140,96.28,4511,pix_credit,0.025,False,0.025
T101464,C132,75.14,4511,pix_debit,0.028,False,0.0
T101465,C100,277.09,4511,pix_debit,0.03,False,0.0
T101466,C117,266.92,5941,debit,0.0,True,0.0
T101467,C146,43.53,5812,credit,0.028,False,0.028
T101468,C129,168.35,7512,credit,0.03,False,0.03
T101469,C140,62.44,5941,pix_debit,0.025,False,0.0
T101470,C114,77.85,5941,credit,0.025,False,0.025
T101471,C138,724.26,8011,credit,0.03,False,0.03
T101472,C140,231.85,5411,debit,0.025,False,0.025
T101473,C138,51.15,8011,debit,0.03,False,0.03
T101474,C142,65.86,5411,debit,0.0,True,0.0
T101475,C112,1143.32,5812,credit,0.03,False,0.03
T101476,C147,300.92,4511,debit,0.03,False,0.03
T101477,C137,92.31,5813,pix_debit,0.028,False,0.0
T101478,C144,221.96,5813,credit,0.025,False,0.025
T101479,C109,93.47,7512,credit,0.028,False,0.028
T101480,C148,61.49,5941,debit,0.028,False,0.028
T101481,C107,135.81,5813,pix_debit,0.0,True,0.0
T101482,C118,849.02,5813,debit,0.025,False,0.025
T101483,C100,150.86,8299,credit,0.03,False,0.0
T101484,C121,56.06,5812,debit,0.03,False,0.03
T101485,C117,1022.46,5812,credit,0.0,True,0.0
T101486,C133,143.46,8299,credit,0.025,False,0.0
T101487,C117,124.75,5812,pix_credit,0.0,True,0.0
T101488,C147,180.36,5812,credit,0.03,False,0.03
T101489,C123,1123.29,5812,credit,0.025,False,0.025
T101490,C123,89.35,5812,credit,0.025,False,0.025
T101491,C134,96.93,5411,debit,0.03,False,0.03
T101492,C126,266.11,4511,pix_debit,0.03,False,0.0
T101493,C108,165.68,7512,debit,0.03,False,0.03
T101494,C126,68.11,5812,credit,0.03,False,0.03
T101495,C140,263.67,7512,pix_credit,0.025,False,0.025
T101496,C144,984.57,5813,debit,0.025,False,0.025
T101497,C138,387.57,8299,pix_credit,0.03,False,0.0
T101498,C115,184.47,5813,pix_credit,0.03,False,0.03
T101499,C142,179.83,5812,credit,0.0,True,0.0
T101500,C141,148.94,5941,credit,0.0,True,0.025
T101501,C119,311.92,7512,credit,0.025,False,0.025
T101502,C113,96.04,8299,debit,0.028,False,0.0
T101503,C126,215.01,4511,credit,0.03,False,0.03
T101504,C138,72.91,7512,voucher,0.03,False,0.03
T101505,C108,61.25,7512,credit,0.03,False,0.03
T101506,C145,702.53,8011,pix_debit,0.028,False,0.0
T101507,C148,30.56,7512,debit,0.028,False,0.028
T101508,C104,49.89,7512,credit,0.03,False,0.03
T101509,C128,1716.3,8299,credit,0.0,True,0.0
T101510,C107,326.88,5941,debit,0.0,True,0.0
T101511,C112,440.65,8011,credit,0.03,False,0.03
T101512,C104,157.6,8299,credit,0.03,False,0.0
T101513,C126,915.42,5813,debit,0.03,False,0.03
T101514,C119,159.01,5411,voucher,0.025,False,0.025
T101515,C134,404.12,8011,debit,0.03,False,0.03
T101516,C127,52.64,4511,credit,0.0,True,0.0
T101517,C122,39.4,5813,credit,0.03,False,0.03
T101518,C140,411.04,5411,voucher,0.025,False,0.025
T101519,C129,114.78,5812,pix_debit,0.03,False,0.0
T101520,C132,116.42,4511,debit,0.028,False,0.028
T101521,C134,889.37,5411,credit,0.03,False,0.03
T101522,C128,353.32,8011,credit,0.0,True,0.0
T101523,C113,170.31,5812,credit,0.028,False,0.028
T101524,C113,53.34,7512,debit,0.028,False,0.028
T101525,C102,58.41,8299,credit,0.028,False,0.0
T101526,C140,81.33,8011,debit,0.025,False,0.025
T101527,C134,595.39,5813,credit,0.03,False,0.03
T101528,C137,50.01,8299,debit,0.028,False,0.0
T101529,C117,186.16,4511,debit,0.0,True,0.0
T101530,C108,142.96,8011,credit,0.03,False,0.03
T101531,C139,429.08,8299,credit,0.0,True,0.0
T101532,C131,93.85,8011,pix_credit,0.03,False,0.03
T101533,C123,39.63,5812,credit,0.025,False,0.025
T101534,C107,394.59,7512,credit,0.0,True,0.0
T101535,C130,65.4,4511,debit,0.0,True,0.025
T101536,C131,127.16,5411,credit,0.03,False,0.03
T101537,C111,653.81,4511,pix_debit,0.03,False,0.0
T101538,C121,95.33,8299,debit,0.03,False,0.0
T101539,C126,31.71,5941,debit,0.03,False,0.03
T101540,C146,319.0,5941,credit,0.028,False,0.028
T101541,C106,119.38,5812,debit,0.025,False,0.025
T101542,C105,56.49,5813,credit,0.028,False,0.028
T101543,C123,132.15,5812,credit,0.025,False,0.025
T101544,C139,128.73000000000002,5941,debit,0.0,True,0.0
T101545,C136,26.83,5411,credit,0.028,False,0.028
T101546,C142,478.26,8011,credit,0.0,True,0.0
T101547,C137,273.25,5941,credit,0.028,False,0.028
T101548,C145,199.27,5812,credit,0.028,False,0.028
T101549,C106,252.37,5941,credit,0.025,False,0.025
T101550,C135,118.09,5813,debit,0.028,False,0.028
T101551,C115,59.72,4511,debit,0.03,False,0.03
T101552,C106,134.26999999999998,5941,credit,0.025,False,0.025
T101553,C103,62.52,5812,debit,0.025,False,0.025
T101554,C131,119.3,5813,debit,0.03,False,0.03
T101555,C100,192.27,5813,pix_credit,0.03,False,0.03
T101556,C119,146.11,8011,credit,0.025,False,0.025
T101557,C149,2304.01,4511,credit,0.028,False,0.028
T101558,C127,168.26,7512,debit,0.0,True,0.0
T101559,C111,29.39,5812,credit,0.03,False,0.03
T101560,C110,95.8,7512,debit,0.025,False,0.025
T101561,C117,1305.85,8299,pix_debit,0.0,True,0.0
T101562,C111,87.54,8299,debit,0.03,False,0.0
T101563,C145,153.19,8299,debit,0.028,False,0.0
T101564,C130,172.91,7512,pix_debit,0.0,True,0.0
T101565,C124,201.26,5941,debit,0.03,False,0.03
T101566,C111,236.0,5941,credit,0.03,False,0.03
T101567,C110,137.75,7512,voucher,0.025,False,0.025
T101568,C129,315.94,5411,pix_debit,0.03,False,0.0
T101569,C137,426.03,5812,credit,0.028,False,0.028
T101570,C106,105.59,5812,debit,0.025,False,0.025
T101571,C144,399.7,8299,pix_debit,0.025,False,0.0
T101572,C146,550.71,8299,debit,0.028,False,0.0
T101573,C107,338.62,5813,credit,0.0,True,0.0
T101574,C105,2942.4,8299,pix_debit,0.028,False,0.0
T101575,C122,71.75,7512,pix_debit,0.03,False,0.0
T101576,C131,164.28,5812,voucher,0.03,False,0.03
T101577,C145,70.32,5941,debit,0.028,False,0.028
T101578,C111,147.01,8299,debit,0.03,False,0.0
T101579,C111,64.49000000000001,5813,pix_credit,0.03,False,0.03
T101580,C126,35.4,8299,debit,0.03,False,0.0
T101581,C138,116.27,7512,credit,0.03,False,0.03
T101582,C101,60.3,5813,credit,0.028,False,0.028
T101583,C105,252.1,5941,pix_debit,0.028,False,0.0
T101584,C134,448.34,5941,pix_debit,0.03,False,0.0
T101585,C112,715.01,5941,debit,0.03,False,0.03
T101586,C105,120.62,7512,debit,0.028,False,0.028
T101587,C127,79.09,5941,credit,0.0,True,0.0
T101588,C145,63.65,5941,pix_debit,0.028,False,0.0
T101589,C133,134.68,7512,credit,0.025,False,0.025
T101590,C149,143.93,7512,debit,0.028,False,0.028
T101591,C148,776.65,7512,pix_debit,0.028,False,0.0
T101592,C145,380.95,7512,pix_debit,0.028,False,0.0
T101593,C131,167.94,8299,voucher,0.03,False,0.0
T101594,C147,355.14,8299,pix_credit,0.03,False,0.0
T101595,C100,200.64,7512,credit,0.03,False,0.03
T101596,C148,303.05,4511,debit,0.028,False,0.028
T101597,C115,95.62,5941,credit,0.03,False,0.03
T101598,C119,284.52,4511,credit,0.025,False,0.025
T101599,C119,117.31,8011,debit,0.025,False,0.025
T101600,C149,129.65,7512,pix_debit,0.028,False,0.0
T101601,C125,74.84,4511,credit,0.025,False,0.025
T101602,C138,58.49,5812,voucher,0.03,False,0.03
T101603,C133,436.19,8011,credit,0.025,False,0.025
T101604,C136,127.9,5411,debit,0.028,False,0.028
T101605,C125,244.88,4511,debit,0.025,False,0.025
T101606,C120,35.67,5813,pix_credit,0.025,False,0.025
T101607,C149,79.27,4511,credit,0.028,False,0.028
T101608,C117,237.08,5411,pix_debit,0.0,True,0.0
T101609,C112,78.03,7512,credit,0.03,False,0.03
T101610,C129,155.94,5813,credit,0.03,False,0.03
T101611,C116,128.32999999999998,5813,credit,0.03,False,0.03
T101612,C114,107.77,7512,voucher,0.025,False,0.025
T101613,C105,42.99,5411,debit,0.028,False,0.028
T101614,C112,55.61,8011,debit,0.03,False,0.03
T101615,C129,1130.05,7512,pix_debit,0.03,False,0.0
T101616,C112,223.49,8299,pix_credit,0.03,False,0.0
T101617,C104,45.05,8011,credit,0.03,False,0.03
T101618,C103,76.16,8299,debit,0.025,False,0.0
T101619,C114,134.9,8011,debit,0.025,False,0.025
T101620,C139,78.36,5812,credit,0.0,True,0.0
T101621,C137,123.94,5411,credit,0.028,False,0.028
T101622,C146,117.22,4511,pix_debit,0.028,False,0.0
T101623,C112,395.47,5411,pix_credit,0.03,False,0.03
T101624,C144,193.03,5812,pix_debit,0.025,False,0.0
T101625,C149,157.5,7512,credit,0.028,False,0.028
T101626,C118,101.84,8011,credit,0.025,False,0.025
T101627,C103,67.33,4511,pix_debit,0.025,False,0.0
T101628,C109,640.09,8011,credit,0.028,False,0.028
T101629,C106,52.67,5411,debit,0.025,False,0.025
T101630,C124,182.49,8299,credit,0.03,False,0.0
T101631,C146,267.04,8299,pix_credit,0.028,False,0.0
T101632,C144,143.47,8011,debit,0.025,False,0.025
T101633,C146,33.86,4511,pix_debit,0.028,False,0.0
T101634,C136,311.66,7512,credit,0.028,False,0.028
T101635,C110,187.12,5411,pix_credit,0.025,False,0.025
T101636,C149,152.59,7512,pix_credit,0.028,False,0.028
T101637,C146,39.6,5411,debit,0.028,False,0.028
T101638,C103,36.870000000000005,7512,pix_credit,0.025,False,0.025
T101639,C101,148.52,7512,credit,0.028,False,0.028
T101640,C148,107.84,5411,debit,0.028,False,0.028
T101641,C141,211.56,8011,pix_debit,0.0,True,0.0
T101642,C126,76.44,5812,credit,0.03,False,0.03
T101643,C126,37.52,7512,pix_credit,0.03,False,0.03
T101644,C133,74.97,8299,credit,0.025,False,0.0
T101645,C107,138.21,5813,debit,0.0,True,0.0
T101646,C137,95.43,8299,debit,0.028,False,0.0
T101647,C126,166.91,7512,pix_debit,0.03,False,0.0
T101648,C107,105.39,8011,debit,0.0,True,0.0
T101649,C143,53.25,8011,credit,0.028,False,0.028
T101650,C115,136.07,5813,credit,0.03,False,0.03
T101651,C148,207.27,5813,voucher,0.028,False,0.028
T101652,C114,75.45,8011,voucher,0.025,False,0.025
T101653,C101,55.84,8011,voucher,0.028,False,0.028
T101654,C104,114.15,8011,credit,0.03,False,0.03
T101655,C135,274.65,7512,debit,0.028,False,0.028
T101656,C127,219.32,5813,voucher,0.0,True,0.0
T101657,C114,183.38,5813,debit,0.025,False,0.025
T101658,C136,277.93,4511,debit,0.028,False,0.028
T101659,C104,50.84,5813,debit,0.03,False,0.03
T101660,C115,102.71,8299,credit,0.03,False,0.0
T101661,C113,121.05,8011,credit,0.028,False,0.028
T101662,C109,54.7,8011,credit,0.028,False,0.028
T101663,C140,52.04,5411,pix_debit,0.025,False,0.0
T101664,C102,185.33,8299,pix_debit,0.028,False,0.0
T101665,C108,303.12,5411,credit,0.03,False,0.03
T101666,C148,28.07,7512,credit,0.028,False,0.028
T101667,C113,336.08,5812,pix_debit,0.028,False,0.0
T101668,C114,277.81,8299,pix_credit,0.025,False,0.0
T101669,C148,48.03,8299,pix_credit,0.028,False,0.0
T101670,C107,288.08,5411,pix_debit,0.0,True,0.0
T101671,C143,708.94,7512,debit,0.028,False,0.028
T101672,C101,401.19,5411,credit,0.028,False,0.028
T101673,C117,138.68,7512,credit,0.0,True,0.0
T101674,C144,192.85,7512,credit,0.025,False,0.025
T101675,C137,93.47,5941,debit,0.028,False,0.028
T101676,C149,69.37,4511,pix_debit,0.028,False,0.0
T101677,C105,158.84,5941,pix_debit,0.028,False,0.0
T101678,C140,40.870000000000005,8011,pix_credit,0.025,False,0.025
T101679,C142,342.0,5812,credit,0.0,True,0.0
T101680,C124,156.71,5941,debit,0.03,False,0.03
T101681,C117,70.86,5813,pix_credit,0.0,True,0.0
T101682,C101,633.97,8011,pix_debit,0.028,False,0.0
T101683,C135,99.68,7512,credit,0.028,False,0.028
T101684,C136,208.78,8299,credit,0.028,False,0.0
T101685,C101,52.44,5411,debit,0.028,False,0.028
T101686,C108,201.51,8299,credit,0.03,False,0.0
T101687,C132,109.75,7512,credit,0.028,False,0.028
T101688,C105,158.38,8011,credit,0.028,False,0.028
T101689,C108,80.44,5411,credit,0.03,False,0.03
T101690,C122,334.39,4511,credit,0.03,False,0.03
T101691,C126,86.97,5411,debit,0.03,False,0.03
T101692,C115,127.91,5941,credit,0.03,False,0.03
T101693,C128,61.1,5941,debit,0.0,True,0.0
T101694,C124,116.12,5411,debit,0.03,False,0.03
T101695,C130,98.36,5813,credit,0.0,True,0.025
T101696,C144,227.87,5941,debit,0.025,False,0.025
T101697,C109,726.88,5813,pix_debit,0.028,False,0.0
T101698,C139,30.81,5411,pix_debit,0.0,True,0.0
T101699,C131,94.09,5411,credit,0.03,False,0.03
T101700,C132,92.18,7512,pix_credit,0.028,False,0.028
T101701,C113,1078.67,5411,credit,0.028,False,0.028
T101702,C117,346.71,7512,pix_credit,0.0,True,0.0
T101703,C147,188.06,5812,credit,0.03,False,0.03
T101704,C115,23.36,7512,debit,0.03,False,0.03
T101705,C119,83.82,8011,voucher,0.025,False,0.025
T101706,C145,30.61,5411,credit,0.028,False,0.028
T101707,C142,350.3,5941,pix_credit,0.0,True,0.0
T101708,C139,88.07,7512,pix_debit,0.0,True,0.0
T101709,C121,109.25,8299,pix_debit,0.03,False,0.0
T101710,C143,556.7,8011,credit,0.028,False,0.028
T101711,C143,941.27,8011,credit,0.028,False,0.028
T101712,C121,92.76,5813,voucher,0.03,False,0.03
T101713,C143,501.43,5812,voucher,0.028,False,0.028
T101714,C139,180.89,5941,credit,0.0,True,0.0
T101715,C130,104.41,8011,credit,0.0,True,0.025
T101716,C139,596.74,5941,pix_debit,0.0,True,0.0
T101717,C100,126.74,8011,credit,0.03,False,0.03
T101718,C110,603.31,5812,credit,0.025,False,0.025
T101719,C140,66.81,5812,debit,0.025,False,0.025
T101720,C146,40.99,7512,pix_credit,0.028,False,0.028
T101721,C140,92.75,8011,debit,0.025,False,0.025
T101722,C116,291.92,8299,credit,0.03,False,0.0
T101723,C116,102.5,5812,pix_debit,0.03,False,0.0
T101724,C143,208.48,8299,credit,0.028,False,0.0
T101725,C147,75.27,7512,credit,0.03,False,0.03
T101726,C138,142.43,5411,credit,0.03,False,0.03
T101727,C121,370.8,5941,credit,0.03,False,0.03
T101728,C121,76.42,5941,credit,0.03,False,0.03
T101729,C116,139.84,5812,credit,0.03,False,0.03
T101730,C149,311.05,4511,credit,0.028,False,0.028
T101731,C112,328.88,8011,credit,0.03,False,0.03
T101732,C121,126.19,5411,debit,0.03,False,0.03
T101733,C137,961.23,7512,credit,0.028,False,0.028
T101734,C111,94.27,8011,credit,0.03,False,0.03
T101735,C102,181.46,7512,credit,0.028,False,0.028
T101736,C135,61.17,5941,credit,0.028,False,0.028
T101737,C146,181.82,8299,pix_debit,0.028,False,0.0
T101738,C140,34.91,7512,credit,0.025,False,0.025
T101739,C136,138.1,4511,debit,0.028,False,0.028
T101740,C123,154.82,5411,debit,0.025,False,0.025
T101741,C111,25.37,7512,pix_credit,0.03,False,0.03
T101742,C124,99.13,5941,credit,0.03,False,0.03
T101743,C144,1224.52,8299,debit,0.025,False,0.0
T101744,C122,343.42,4511,pix_debit,0.03,False,0.0
T101745,C110,14.82,8299,debit,0.025,False,0.0
T101746,C112,30.5,5941,pix_debit,0.03,False,0.0
T101747,C143,86.54,4511,pix_debit,0.028,False,0.0
T101748,C135,67.16,4511,debit,0.028,False,0.028
T101749,C142,37.91,4511,pix_debit,0.0,True,0.0
T101750,C115,132.15,5813,debit,0.03,False,0.03
T101751,C126,167.27,5813,pix_debit,0.03,False,0.0
T101752,C132,74.21,8299,credit,0.028,False,0.0
T101753,C120,42.11,5941,credit,0.025,False,0.025
T101754,C112,105.92,5941,pix_credit,0.03,False,0.03
T101755,C130,217.12,7512,debit,0.0,True,0.025
T101756,C135,297.63,5411,credit,0.028,False,0.028
T101757,C111,133.44,5411,credit,0.03,False,0.03
T101758,C145,106.55,5812,debit,0.028,False,0.028
T101759,C135,249.85,7512,credit,0.028,False,0.028
T101760,C118,94.81,7512,debit,0.025,False,0.025
T101761,C108,381.49,7512,credit,0.03,False,0.03
T101762,C105,48.92,5813,debit,0.028,False,0.028
T101763,C101,85.71,5411,debit,0.028,False,0.028
T101764,C148,125.77,5813,credit,0.028,False,0.028
T101765,C119,73.45,4511,credit,0.025,False,0.025
T101766,C148,262.44,8299,credit,0.028,False,0.0
T101767,C101,924.79,5941,credit,0.028,False,0.028
T101768,C136,449.98,5812,pix_debit,0.028,False,0.0
T101769,C120,53.58,4511,debit,0.025,False,0.025
T101770,C141,87.35,4511,credit,0.0,True,0.025
T101771,C102,742.66,5812,debit,0.028,False,0.028
T101772,C149,1023.13,5813,credit,0.028,False,0.028
T101773,C107,48.35,5813,credit,0.0,True,0.0
T101774,C123,69.28999999999999,8011,credit,0.025,False,0.025
T101775,C143,233.04,4511,pix_debit,0.028,False,0.0
T101776,C141,118.31,5411,pix_debit,0.0,True,0.0
T101777,C114,242.73,8299,debit,0.025,False,0.0
T101778,C137,307.93,7512,pix_credit,0.028,False,0.028
T101779,C142,193.86,5941,debit,0.0,True,0.0
T101780,C126,259.46000000000004,7512,credit,0.03,False,0.03
T101781,C124,61.46,5941,debit,0.03,False,0.03
T101782,C106,361.46,4511,pix_credit,0.025,False,0.025
T101783,C122,490.41,5411,pix_credit,0.03,False,0.03
T101784,C125,65.95,5813,debit,0.025,False,0.025
T101785,C115,601.21,8299,credit,0.03,False,0.0
T101786,C101,302.6,8011,debit,0.028,False,0.028
T101787,C143,115.46,8011,credit,0.028,False,0.028
T101788,C112,159.31,5813,credit,0.03,False,0.03
T101789,C139,19.74,5941,credit,0.0,True,0.0
T101790,C116,259.2,8299,pix_debit,0.03,False,0.0
T101791,C111,203.37,7512,debit,0.03,False,0.03
T101792,C112,207.8,5941,credit,0.03,False,0.03
T101793,C119,55.86,5813,pix_debit,0.025,False,0.0
T101794,C117,404.14,5411,pix_debit,0.0,True,0.0
T101795,C103,182.08,8011,voucher,0.025,False,0.025
T101796,C107,30.37,8011,credit,0.0,True,0.0
T101797,C119,761.53,4511,debit,0.025,False,0.025
T101798,C142,153.88,5411,credit,0.0,True,0.0
T101799,C128,25.92,8299,debit,0.0,True,0.0
T101800,C102,268.84,5812,debit,0.028,False,0.028
T101801,C126,56.08,7512,debit,0.03,False,0.03
T101802,C136,256.45,5941,debit,0.028,False,0.028
T101803,C109,207.34,5812,debit,0.028,False,0.028
T101804,C145,131.07,5941,credit,0.028,False,0.028
T101805,C142,79.05,5813,credit,0.0,True,0.0
T101806,C145,366.17,8299,credit,0.028,False,0.0
T101807,C143,214.55,5812,voucher,0.028,False,0.028
T101808,C123,618.12,5813,voucher,0.025,False,0.025
T101809,C138,91.21,5411,pix_debit,0.03,False,0.0
T101810,C125,83.59,5411,voucher,0.025,False,0.025
T101811,C135,84.95,8299,debit,0.028,False,0.0
T101812,C110,99.47,5813,credit,0.025,False,0.025
T101813,C103,23.06,5813,debit,0.025,False,0.025
T101814,C114,299.94,5411,credit,0.025,False,0.025
T101815,C131,939.0,8299,debit,0.03,False,0.0
T101816,C143,116.79,7512,credit,0.028,False,0.028
T101817,C118,148.33,4511,debit,0.025,False,0.025
T101818,C140,176.28,5812,credit,0.025,False,0.025
T101819,C109,174.44,5941,voucher,0.028,False,0.028
T101820,C145,160.19,8299,debit,0.028,False,0.0
T101821,C127,438.35,5813,debit,0.0,True,0.0
T101822,C104,109.18,4511,debit,0.03,False,0.03
T101823,C135,175.12,4511,debit,0.028,False,0.028
T101824,C101,129.57999999999998,7512,debit,0.028,False,0.028
T101825,C136,238.65,5813,debit,0.028,False,0.028
T101826,C135,302.33,5941,pix_debit,0.028,False,0.0
T101827,C130,26.2,5813,credit,0.0,True,0.025
T101828,C135,187.2,5813,debit,0.028,False,0.028
T101829,C119,121.28,5813,credit,0.025,False,0.025
T101830,C110,656.05,7512,debit,0.025,False,0.025
T101831,C148,105.44,7512,debit,0.028,False,0.028
T101832,C129,63.17,5941,pix_credit,0.03,False,0.03
T101833,C132,167.58,8011,pix_credit,0.028,False,0.028
T101834,C129,920.58,5411,credit,0.03,False,0.03
T101835,C119,162.56,5813,debit,0.025,False,0.025
T101836,C132,183.01,4511,debit,0.028,False,0.028
T101837,C113,90.19,5941,debit,0.028,False,0.028
T101838,C129,914.58,5813,pix_credit,0.03,False,0.03
T101839,C115,302.11,5941,credit,0.03,False,0.03
T101840,C131,275.39,5812,debit,0.03,False,0.03
T101841,C130,78.1,5813,pix_debit,0.0,True,0.0
T101842,C104,101.62,5941,credit,0.03,False,0.03
T101843,C105,492.06,5813,credit,0.028,False,0.028
T101844,C148,37.010000000000005,5813,credit,0.028,False,0.028
T101845,C148,65.52000000000001,5411,debit,0.028,False,0.028
T101846,C116,2115.15,5813,credit,0.03,False,0.03
T101847,C119,307.29,7512,credit,0.025,False,0.025
T101848,C138,195.94,5941,debit,0.03,False,0.03
T101849,C101,174.04,5941,credit,0.028,False,0.028
T101850,C119,122.31,8299,pix_credit,0.025,False,0.0
T101851,C124,89.27,5411,debit,0.03,False,0.03
T101852,C116,368.67,8299,debit,0.03,False,0.0
T101853,C118,38.09,5411,credit,0.025,False,0.025
T101854,C147,530.31,8011,credit,0.03,False,0.03
T101855,C126,68.19,5813,credit,0.03,False,0.03
T101856,C124,244.69,8011,credit,0.03,False,0.03
T101857,C136,259.54,8011,credit,0.028,False,0.028
T101858,C146,133.95999999999998,5813,pix_debit,0.028,False,0.0
T101859,C136,64.5,8011,debit,0.028,False,0.028
T101860,C149,195.11,4511,pix_debit,0.028,False,0.0
T101861,C121,253.7,5411,debit,0.03,False,0.03
T101862,C125,37.25,5411,voucher,0.025,False,0.025
T101863,C140,79.38,8011,credit,0.025,False,0.025
T101864,C103,390.14,8011,debit,0.025,False,0.025
T101865,C132,877.71,5812,credit,0.028,False,0.028
T101866,C143,152.55,8299,pix_credit,0.028,False,0.0
T101867,C104,94.14,5941,credit,0.03,False,0.03
T101868,C109,124.83,4511,voucher,0.028,False,0.028
T101869,C111,83.95,8011,debit,0.03,False,0.03
T101870,C120,79.77,5813,debit,0.025,False,0.025
T101871,C106,231.29,5813,pix_debit,0.025,False,0.0
T101872,C102,187.74,5812,pix_debit,0.028,False,0.0
T101873,C137,200.0,8299,debit,0.028,False,0.0
T101874,C133,123.78,8011,debit,0.025,False,0.025
T101875,C119,179.75,5411,pix_debit,0.025,False,0.0
T101876,C135,123.41,5813,debit,0.028,False,0.028
T101877,C114,155.08,5941,credit,0.025,False,0.025
T101878,C136,203.92,5941,credit,0.028,False,0.028
T101879,C102,184.4,8011,credit,0.028,False,0.028
T101880,C105,70.41,5813,credit,0.028,False,0.028
T101881,C136,320.93,4511,voucher,0.028,False,0.028
T101882,C134,121.25,4511,pix_credit,0.03,False,0.03
T101883,C145,216.83,5812,pix_debit,0.028,False,0.0
T101884,C129,189.06,8299,pix_debit,0.03,False,0.0
T101885,C134,159.55,4511,debit,0.03,False,0.03
T101886,C118,329.06,8299,pix_debit,0.025,False,0.0
T101887,C127,211.98,4511,pix_debit,0.0,True,0.0
T101888,C145,133.2,5411,credit,0.028,False,0.028
T101889,C106,80.64,5941,debit,0.025,False,0.025
T101890,C111,53.2,8011,pix_credit,0.03,False,0.03
T101891,C102,105.2,8299,credit,0.028,False,0.0
T101892,C143,132.88,8011,voucher,0.028,False,0.028
T101893,C134,116.31,5411,debit,0.03,False,0.03
T101894,C132,100.48,5941,debit,0.028,False,0.028
T101895,C145,111.14,5941,credit,0.028,False,0.028
T101896,C134,200.49,5941,debit,0.03,False,0.03
T101897,C111,130.88,5812,debit,0.03,False,0.03
T101898,C119,229.7,5411,pix_debit,0.025,False,0.0
T101899,C104,164.03,5813,debit,0.03,False,0.03
T101900,C137,275.89,5411,pix_debit,0.028,False,0.0
T101901,C108,102.64,7512,debit,0.03,False,0.03
T101902,C117,199.17,5941,voucher,0.0,True,0.0
T101903,C119,65.87,5813,debit,0.025,False,0.025
T101904,C100,37.79,5411,credit,0.03,False,0.03
T101905,C108,156.88,7512,debit,0.03,False,0.03
T101906,C115,105.62,4511,debit,0.03,False,0.03
T101907,C121,39.760000000000005,5411,credit,0.03,False,0.03
T101908,C125,89.41,5411,voucher,0.025,False,0.025
T101909,C113,1381.05,7512,debit,0.028,False,0.028
T101910,C105,200.49,4511,voucher,0.028,False,0.028
T101911,C141,352.73,8011,pix_debit,0.0,True,0.0
T101912,C135,365.79,5812,credit,0.028,False,0.028
T101913,C148,1190.19,8011,debit,0.028,False,0.028
T101914,C129,960.95,4511,debit,0.03,False,0.03
T101915,C122,79.92,5941,debit,0.03,False,0.03
T101916,C117,417.05,5941,pix_debit,0.0,True,0.0
T101917,C113,198.78,5411,debit,0.028,False,0.028
T101918,C140,81.14,8299,pix_credit,0.025,False,0.0
T101919,C129,60.4,4511,credit,0.03,False,0.03
T101920,C114,182.09,5813,debit,0.025,False,0.025
T101921,C105,485.47,5812,debit,0.028,False,0.028
T101922,C106,540.1,5411,credit,0.025,False,0.025
T101923,C136,73.55,4511,credit,0.028,False,0.028
T101924,C108,76.96,8011,pix_credit,0.03,False,0.03
T101925,C125,207.56,8299,pix_debit,0.025,False,0.0
T101926,C114,110.59,8011,credit,0.025,False,0.025
T101927,C134,108.41,5812,credit,0.03,False,0.03
T101928,C149,251.17,8299,debit,0.028,False,0.0
T101929,C128,103.33,4511,pix_credit,0.0,True,0.0
T101930,C118,152.06,8011,debit,0.025,False,0.025
T101931,C131,355.21,8299,credit,0.03,False,0.0
T101932,C135,59.73,7512,debit,0.028,False,0.028
T101933,C143,300.86,8299,debit,0.028,False,0.0
T101934,C128,244.7,5812,voucher,0.0,True,0.0
T101935,C119,102.82,8011,voucher,0.025,False,0.025
T101936,C107,250.68,5813,debit,0.0,True,0.0
T101937,C124,247.02,5411,debit,0.03,False,0.03
T101938,C109,122.33,7512,pix_credit,0.028,False,0.028
T101939,C117,177.8,7512,pix_debit,0.0,True,0.0
T101940,C110,341.16,5813,credit,0.025,False,0.025
T101941,C113,126.73,5812,debit,0.028,False,0.028
T101942,C102,161.88,5813,credit,0.028,False,0.028
T101943,C115,226.17,5941,credit,0.03,False,0.03
T101944,C112,232.51,5813,pix_debit,0.03,False,0.0
T101945,C123,102.25,5941,credit,0.025,False,0.025
T101946,C148,183.59,5941,debit,0.028,False,0.028
T101947,C119,98.2,5812,debit,0.025,False,0.025
T101948,C131,502.91,8299,pix_debit,0.03,False,0.0
T101949,C133,135.59,5411,debit,0.025,False,0.025
T101950,C143,51.86,8299,credit,0.028,False,0.0
T101951,C127,43.13,8299,credit,0.0,True,0.0
T101952,C114,151.29,5812,credit,0.025,False,0.025
T101953,C143,88.38,5812,debit,0.028,False,0.028
T101954,C112,51.87,5813,credit,0.03,False,0.03
T101955,C102,110.25,8011,debit,0.028,False,0.028
T101956,C122,226.25,8011,credit,0.03,False,0.03
T101957,C138,711.29,4511,debit,0.03,False,0.03
T101958,C144,69.19,8299,pix_credit,0.025,False,0.0
T101959,C108,134.37,4511,debit,0.03,False,0.03
T101960,C146,303.34,8299,debit,0.028,False,0.0
T101961,C143,773.7,8299,credit,0.028,False,0.0
T101962,C102,377.35,5813,credit,0.028,False,0.028
T101963,C138,483.81,5813,credit,0.03,False,0.03
T101964,C107,60.16,8011,pix_credit,0.0,True,0.0
T101965,C105,29.2,5411,credit,0.028,False,0.028
T101966,C128,191.67,4511,debit,0.0,True,0.0
T101967,C140,140.61,5411,credit,0.025,False,0.025
T101968,C107,136.0,5411,credit,0.0,True,0.0
T101969,C130,86.77,8011,debit,0.0,True,0.025
T101970,C135,73.71000000000001,5941,debit,0.028,False,0.028
T101971,C149,22.130000000000003,4511,debit,0.028,False,0.028
T101972,C106,140.93,5411,pix_debit,0.025,False,0.0
T101973,C138,404.05,5411,credit,0.03,False,0.03
T101974,C105,272.98,5812,pix_debit,0.028,False,0.0
T101975,C124,101.89,4511,pix_credit,0.03,False,0.03
T101976,C102,84.18,7512,pix_credit,0.028,False,0.028
T101977,C110,123.61,5813,credit,0.025,False,0.025
T101978,C100,83.88,8011,credit,0.03,False,0.03
T101979,C115,69.36,8011,credit,0.03,False,0.03
T101980,C122,32.489999999999995,8299,credit,0.03,False,0.0
T101981,C141,210.81,7512,debit,0.0,True,0.025
T101982,C149,123.72,8299,debit,0.028,False,0.0
T101983,C109,109.63,5941,credit,0.028,False,0.028
T101984,C125,150.27,7512,pix_debit,0.025,False,0.0
T101985,C132,88.41,8299,pix_credit,0.028,False,0.0
T101986,C108,665.17,5941,credit,0.03,False,0.03
T101987,C139,172.78,5812,debit,0.0,True,0.0
T101988,C137,116.04,5812,debit,0.028,False,0.028
T101989,C133,228.84,5941,credit,0.025,False,0.025
T101990,C116,141.13,8011,credit,0.03,False,0.03
T101991,C148,53.32,5411,credit,0.028,False,0.028
T101992,C107,20.67,8011,debit,0.0,True,0.0
T101993,C113,68.09,8011,debit,0.028,False,0.028
T101994,C114,1218.35,5813,pix_credit,0.025,False,0.025
T101995,C125,236.15,7512,pix_credit,0.025,False,0.025
T101996,C114,484.09,5812,debit,0.025,False,0.025
T101997,C142,128.67000000000002,5812,credit,0.0,True,0.0
T101998,C129,711.99,8299,credit,0.03,False,0.0
T101999,C109,326.7,5813,pix_debit,0.028,False,0.0
T102000,C136,654.0,7512,credit,0.028,False,0.028
T102001,C146,94.97,5813,credit,0.028,False,0.028
T102002,C126,118.39,4511,credit,0.03,False,0.03
T102003,C118,408.57,5411,pix_debit,0.025,False,0.0
T102004,C136,355.32,5813,pix_debit,0.028,False,0.0
T102005,C145,25.18,5941,credit,0.028,False,0.028
T102006,C132,183.42,7512,credit,0.028,False,0.028
T102007,C119,169.22,8299,voucher,0.025,False,0.0
T102008,C124,138.38,5812,credit,0.03,False,0.03
T102009,C127,103.18,7512,voucher,0.0,True,0.0
T102010,C105,255.47,5813,credit,0.028,False,0.028
T102011,C116,113.49,4511,voucher,0.03,False,0.03
T102012,C124,148.01,5411,credit,0.03,False,0.03
T102013,C124,160.16,5813,credit,0.03,False,0.03
T102014,C145,224.2,7512,pix_debit,0.028,False,0.0
T102015,C123,153.43,5812,credit,0.025,False,0.025
T102016,C104,164.91,4511,credit,0.03,False,0.03
T102017,C142,166.42,5813,pix_credit,0.0,True,0.0
T102018,C107,514.8,5411,credit,0.0,True,0.0
T102019,C100,443.76,7512,pix_debit,0.03,False,0.0
T102020,C146,69.45,5411,pix_debit,0.028,False,0.0
T102021,C119,397.93,4511,credit,0.025,False,0.025
T102022,C134,510.35,4511,debit,0.03,False,0.03
T102023,C132,82.11,5812,debit,0.028,False,0.028
T102024,C116,109.02,8299,credit,0.03,False,0.0
T102025,C122,67.47999999999999,5813,pix_credit,0.03,False,0.03
T102026,C116,520.85,5812,pix_debit,0.03,False,0.0
T102027,C109,46.42,4511,pix_credit,0.028,False,0.028
T102028,C122,187.15,5813,pix_credit,0.03,False,0.03
T102029,C100,102.93,7512,pix_credit,0.03,False,0.03
T102030,C120,94.57,5411,pix_credit,0.025,False,0.025
T102031,C149,173.29,8299,debit,0.028,False,0.0
T102032,C119,184.67,8011,pix_credit,0.025,False,0.025
T102033,C143,49.73,8299,credit,0.028,False,0.0
T102034,C114,110.32,8011,credit,0.025,False,0.025
T102035,C125,33.04,5941,pix_credit,0.025,False,0.025
T102036,C104,60.47,5941,debit,0.03,False,0.03
T102037,C115,92.1,7512,debit,0.03,False,0.03
T102038,C128,363.68,5941,credit,0.0,True,0.0
T102039,C148,664.13,4511,credit,0.028,False,0.028
T102040,C132,399.38,5812,debit,0.028,False,0.028
T102041,C131,83.66,5411,debit,0.03,False,0.03
T102042,C128,54.79,8299,voucher,0.0,True,0.0
T102043,C126,433.92,4511,debit,0.03,False,0.03
T102044,C136,523.31,5941,debit,0.028,False,0.028
T102045,C116,47.26,8011,pix_debit,0.03,False,0.0
T102046,C107,52.47,5813,debit,0.0,True,0.0
T102047,C144,164.05,4511,pix_credit,0.025,False,0.025
T102048,C102,141.61,7512,debit,0.028,False,0.028
T102049,C109,990.63,8299,credit,0.028,False,0.0
T102050,C140,44.86,5941,credit,0.025,False,0.025
T102051,C117,89.21,5813,voucher,0.0,True,0.0
T102052,C110,104.02,8299,credit,0.025,False,0.0
T102053,C119,58.15,5941,pix_debit,0.025,False,0.0
T102054,C123,343.32,5941,debit,0.025,False,0.025
T102055,C122,292.73,5812,pix_debit,0.03,False,0.0
T102056,C113,248.7,4511,credit,0.028,False,0.028
T102057,C118,63.73,5941,credit,0.025,False,0.025
T102058,C135,41.25,5812,pix_credit,0.028,False,0.028
T102059,C126,744.07,4511,credit,0.03,False,0.03
T102060,C103,36.99,5411,credit,0.025,False,0.025
T102061,C111,357.71,5812,debit,0.03,False,0.03
T102062,C113,165.25,5812,credit,0.028,False,0.028
T102063,C115,467.52,8299,credit,0.03,False,0.0
T102064,C144,541.33,5941,credit,0.025,False,0.025
T102065,C116,465.45,8011,debit,0.03,False,0.03
T102066,C104,688.53,8011,debit,0.03,False,0.03
T102067,C114,69.69,7512,credit,0.025,False,0.025
T102068,C135,327.94,5812,debit,0.028,False,0.028
T102069,C137,138.12,7512,pix_credit,0.028,False,0.028
T102070,C144,93.41,5411,pix_debit,0.025,False,0.0
T102071,C149,180.18,8011,debit,0.028,False,0.028
T102072,C110,26.43,7512,debit,0.025,False,0.025
T102073,C128,201.16,4511,pix_credit,0.0,True,0.0
T102074,C117,2635.98,7512,debit,0.0,True,0.0
T102075,C135,642.94,5813,debit,0.028,False,0.028
T102076,C139,113.97,7512,debit,0.0,True,0.0
T102077,C139,88.76,5411,credit,0.0,True,0.0
T102078,C121,103.06,5812,credit,0.03,False,0.03
T102079,C116,293.24,5941,debit,0.03,False,0.03
T102080,C129,295.95,5813,pix_credit,0.03,False,0.03
T102081,C121,64.61,5812,credit,0.03,False,0.03
T102082,C100,357.65,5812,debit,0.03,False,0.03
T102083,C127,113.13,4511,pix_debit,0.0,True,0.0
T102084,C143,223.43,8011,pix_debit,0.028,False,0.0
T102085,C146,53.06,4511,credit,0.028,False,0.028
T102086,C102,87.92,5411,debit,0.028,False,0.028
T102087,C138,166.83,5941,credit,0.03,False,0.03
T102088,C128,334.03,5813,pix_credit,0.0,True,0.0
T102089,C133,456.47,5812,pix_debit,0.025,False,0.0
T102090,C138,60.86,8299,debit,0.03,False,0.0
T102091,C128,379.27,8011,debit,0.0,True,0.0
T102092,C130,131.36,5411,pix_credit,0.0,True,0.025
T102093,C122,108.85,5813,debit,0.03,False,0.03
T102094,C101,497.62,5812,debit,0.028,False,0.028
T102095,C141,50.23,5941,pix_debit,0.0,True,0.0
T102096,C128,482.98,5941,voucher,0.0,True,0.0
T102097,C122,98.08,8011,debit,0.03,False,0.03
T102098,C123,24.05,5411,credit,0.025,False,0.025
T102099,C130,43.41,5812,debit,0.0,True,0.025
T102100,C105,420.26,5812,credit,0.028,False,0.028
T102101,C107,136.09,5411,debit,0.0,True,0.0
T102102,C123,270.53,5941,credit,0.025,False,0.025
T102103,C133,88.47,5813,credit,0.025,False,0.025
T102104,C149,134.25,8011,pix_debit,0.028,False,0.0
T102105,C131,99.92,5813,voucher,0.03,False,0.03
T102106,C136,50.76,5411,credit,0.028,False,0.028
T102107,C127,104.3,5813,credit,0.0,True,0.0
T102108,C137,171.46,5813,credit,0.028,False,0.028
T102109,C120,223.25,4511,pix_debit,0.025,False,0.0
T102110,C106,100.57,5813,pix_credit,0.025,False,0.025
T102111,C128,50.04,5812,credit,0.0,True,0.0
T102112,C127,278.89,5813,credit,0.0,True,0.0
T102113,C135,142.6,5812,debit,0.028,False,0.028
T102114,C136,612.6,4511,debit,0.028,False,0.028
T102115,C146,981.07,5813,credit,0.028,False,0.028
T102116,C117,80.75,5411,pix_debit,0.0,True,0.0
T102117,C131,774.19,5411,credit,0.03,False,0.03
T102118,C144,81.07,7512,debit,0.025,False,0.025
T102119,C124,54.44,8299,debit,0.03,False,0.0
T102120,C108,34.34,5411,debit,0.03,False,0.03
T102121,C128,30.07,8011,credit,0.0,True,0.0
T102122,C132,160.63,8011,credit,0.028,False,0.028
T102123,C129,90.12,5941,credit,0.03,False,0.03
T102124,C107,85.6,4511,pix_debit,0.0,True,0.0
T102125,C123,309.61,5813,pix_credit,0.025,False,0.025
T102126,C115,436.87,5812,debit,0.03,False,0.03
T102127,C127,464.23,4511,credit,0.0,True,0.0
T102128,C108,926.23,5812,voucher,0.03,False,0.03
T102129,C111,236.1,5813,credit,0.03,False,0.03
T102130,C110,80.02,5813,credit,0.025,False,0.025
T102131,C134,52.71,4511,debit,0.03,False,0.03
T102132,C126,113.59,7512,credit,0.03,False,0.03
T102133,C125,107.61,5411,pix_debit,0.025,False,0.0
T102134,C149,528.89,8011,voucher,0.028,False,0.028
T102135,C118,34.33,5812,pix_debit,0.025,False,0.0
T102136,C114,46.93,4511,credit,0.025,False,0.025
T102137,C122,40.17,8011,debit,0.03,False,0.03
T102138,C126,143.87,5941,pix_credit,0.03,False,0.03
T102139,C145,484.04,5812,debit,0.028,False,0.028
T102140,C118,51.76,8299,debit,0.025,False,0.0
T102141,C105,187.62,8299,credit,0.028,False,0.0
T102142,C148,77.14,5812,debit,0.028,False,0.028
T102143,C147,507.31,5941,debit,0.03,False,0.03
T102144,C106,75.55,5813,debit,0.025,False,0.025
T102145,C114,82.75,5941,pix_credit,0.025,False,0.025
T102146,C125,153.77,5941,debit,0.025,False,0.025
T102147,C126,67.18,5813,credit,0.03,False,0.03
T102148,C140,147.07,4511,pix_credit,0.025,False,0.025
T102149,C132,55.89,7512,pix_debit,0.028,False,0.0
T102150,C112,468.02,8011,debit,0.03,False,0.03
T102151,C149,609.63,8011,debit,0.028,False,0.028
T102152,C135,77.74,7512,pix_credit,0.028,False,0.028
T102153,C119,262.86,8011,debit,0.025,False,0.025
T102154,C148,617.94,5411,debit,0.028,False,0.028
T102155,C102,226.38,7512,credit,0.028,False,0.028
T102156,C145,138.18,7512,pix_debit,0.028,False,0.0
T102157,C132,94.01,8299,debit,0.028,False,0.0
T102158,C126,341.82,8011,debit,0.03,False,0.03
T102159,C116,314.52,5812,credit,0.03,False,0.03
T102160,C122,229.69,5411,credit,0.03,False,0.03
T102161,C123,256.23,5813,credit,0.025,False,0.025
T102162,C140,224.02,5813,credit,0.025,False,0.025
T102163,C115,60.7,7512,pix_debit,0.03,False,0.0
T102164,C140,372.54,5411,credit,0.025,False,0.025
T102165,C110,114.58,4511,credit,0.025,False,0.025
T102166,C113,356.74,8011,credit,0.028,False,0.028
T102167,C119,199.54,5411,pix_debit,0.025,False,0.0
T102168,C142,349.73,4511,debit,0.0,True,0.0
T102169,C144,62.74,5813,debit,0.025,False,0.025
T102170,C114,394.36,5941,debit,0.025,False,0.025
T102171,C103,384.96,5813,debit,0.025,False,0.025
T102172,C117,79.23,5813,debit,0.0,True,0.0
T102173,C136,214.76,4511,pix_debit,0.028,False,0.0
T102174,C113,79.52,8299,pix_credit,0.028,False,0.0
T102175,C138,240.0,8011,pix_credit,0.03,False,0.03
T102176,C134,151.72,5812,debit,0.03,False,0.03
T102177,C137,183.52,5941,credit,0.028,False,0.028
T102178,C127,393.47,8011,credit,0.0,True,0.0
T102179,C106,117.08,8299,debit,0.025,False,0.0
T102180,C130,452.37,8299,credit,0.0,True,0.0
T102181,C148,117.98,7512,credit,0.028,False,0.028
T102182,C138,228.48,4511,pix_debit,0.03,False,0.0
T102183,C130,114.99,5941,debit,0.0,True,0.025
T102184,C124,225.72,8299,credit,0.03,False,0.0
T102185,C147,216.62,5813,pix_credit,0.03,False,0.03
T102186,C122,727.08,5411,credit,0.03,False,0.03
T102187,C135,172.91,5813,debit,0.028,False,0.028
T102188,C125,741.69,7512,pix_debit,0.025,False,0.0
T102189,C128,436.87,5411,pix_debit,0.0,True,0.0
T102190,C141,411.53,4511,debit,0.0,True,0.025
T102191,C100,186.53,8299,debit,0.03,False,0.0
T102192,C115,70.74000000000001,4511,credit,0.03,False,0.03
T102193,C110,111.95,4511,pix_debit,0.025,False,0.0
T102194,C114,2348.23,5813,debit,0.025,False,0.025
T102195,C142,28.21,5812,debit,0.0,True,0.0
T102196,C106,200.48,7512,credit,0.025,False,0.025
T102197,C147,431.01,8011,debit,0.03,False,0.03
T102198,C111,137.82999999999998,5411,debit,0.03,False,0.03
T102199,C100,391.23,5812,pix_debit,0.03,False,0.0
T102200,C106,45.31,8299,credit,0.025,False,0.0
T102201,C100,113.88,8299,debit,0.03,False,0.0
T102202,C134,35.96,4511,credit,0.03,False,0.03
T102203,C120,85.38,5411,credit,0.025,False,0.025
T102204,C127,932.06,4511,credit,0.0,True,0.0
T102205,C116,535.67,5941,pix_credit,0.03,False,0.03
T102206,C125,103.61,5941,pix_debit,0.025,False,0.0
T102207,C119,65.81,8299,pix_debit,0.025,False,0.0
T102208,C141,150.51,4511,debit,0.0,True,0.025
T102209,C116,549.19,5812,voucher,0.03,False,0.03
T102210,C123,27.51,5941,pix_debit,0.025,False,0.0
T102211,C142,180.91,5812,credit,0.0,True,0.0
T102212,C124,219.78,5812,pix_debit,0.03,False,0.0
T102213,C144,442.57,8299,pix_debit,0.025,False,0.0
T102214,C141,74.96,5812,credit,0.0,True,0.025
T102215,C107,85.48,7512,credit,0.0,True,0.0
T102216,C127,220.61,5411,credit,0.0,True,0.0
T102217,C120,247.57,5411,pix_debit,0.025,False,0.0
T102218,C111,153.88,8299,pix_credit,0.03,False,0.0
T102219,C138,81.67,8299,credit,0.03,False,0.0
T102220,C112,139.81,8011,pix_debit,0.03,False,0.0
T102221,C117,146.97,5411,debit,0.0,True,0.0
T102222,C110,353.78,5411,voucher,0.025,False,0.025
T102223,C114,31.39,7512,debit,0.025,False,0.025
T102224,C143,67.15,8011,credit,0.028,False,0.028
T102225,C134,182.95,8011,credit,0.03,False,0.03
T102226,C126,444.81,5812,pix_credit,0.03,False,0.03
T102227,C111,200.61,5941,credit,0.03,False,0.03
T102228,C140,213.38,5411,credit,0.025,False,0.025
T102229,C102,703.14,4511,debit,0.028,False,0.028
T102230,C123,1193.85,7512,debit,0.025,False,0.025
T102231,C133,265.39,4511,credit,0.025,False,0.025
T102232,C102,105.53,5941,debit,0.028,False,0.028
T102233,C106,131.97,5813,debit,0.025,False,0.025
T102234,C110,34.06,7512,debit,0.025,False,0.025
T102235,C121,101.9,5813,pix_debit,0.03,False,0.0
T102236,C120,36.59,8299,credit,0.025,False,0.0
T102237,C140,37.24,5812,credit,0.025,False,0.025
T102238,C111,87.52,5411,voucher,0.03,False,0.03
T102239,C113,130.51999999999998,7512,credit,0.028,False,0.028
T102240,C129,67.15,5813,debit,0.03,False,0.03
T102241,C115,139.64,5411,pix_credit,0.03,False,0.03
T102242,C137,91.78,8011,credit,0.028,False,0.028
T102243,C120,76.12,5813,debit,0.025,False,0.025
T102244,C142,107.29,5812,credit,0.0,True,0.0
T102245,C142,75.39,4511,credit,0.0,True,0.0
T102246,C121,64.33,4511,credit,0.03,False,0.03
T102247,C100,247.92,5813,credit,0.03,False,0.03
T102248,C119,89.69,5411,credit,0.025,False,0.025
T102249,C109,127.8,5941,credit,0.028,False,0.028
T102250,C138,15.96,5941,pix_credit,0.03,False,0.03
T102251,C126,145.02,7512,pix_debit,0.03,False,0.0
T102252,C139,474.87,4511,credit,0.0,True,0.0
T102253,C105,1260.48,8299,debit,0.028,False,0.0
T102254,C137,97.88,4511,debit,0.028,False,0.028
T102255,C120,496.99,5411,credit,0.025,False,0.025
T102256,C143,235.39,4511,credit,0.028,False,0.028
T102257,C129,1863.49,8011,pix_debit,0.03,False,0.0
T102258,C128,735.98,5941,credit,0.0,True,0.0
T102259,C145,68.44,8011,debit,0.028,False,0.028
T102260,C118,106.79,8299,debit,0.025,False,0.0
T102261,C147,403.98,8011,debit,0.03,False,0.03
T102262,C131,134.49,5941,voucher,0.03,False,0.03
T102263,C131,47.27,8011,pix_debit,0.03,False,0.0
T102264,C120,197.12,8011,credit,0.025,False,0.025
T102265,C103,186.81,5941,credit,0.025,False,0.025
T102266,C143,469.18,8299,pix_debit,0.028,False,0.0
T102267,C137,125.07,5812,debit,0.028,False,0.028
T102268,C107,65.56,4511,credit,0.0,True,0.0
T102269,C108,848.11,8299,credit,0.03,False,0.0
T102270,C101,182.91,5812,credit,0.028,False,0.028
T102271,C127,87.38,5941,voucher,0.0,True,0.0
T102272,C144,231.81,8299,pix_credit,0.025,False,0.0
T102273,C127,107.25,8299,credit,0.0,True,0.0
T102274,C104,622.84,5813,credit,0.03,False,0.03
T102275,C104,751.29,5812,voucher,0.03,False,0.03
T102276,C108,40.010000000000005,5812,voucher,0.03,False,0.03
T102277,C146,57.74,5411,debit,0.028,False,0.028
T102278,C101,94.07,5813,debit,0.028,False,0.028
T102279,C103,63.26,5812,credit,0.025,False,0.025
T102280,C134,53.38,5812,pix_credit,0.03,False,0.03
T102281,C122,118.61,5812,debit,0.03,False,0.03
T102282,C132,128.55,8299,debit,0.028,False,0.0
T102283,C142,150.0,5941,credit,0.0,True,0.0
T102284,C142,233.44,5812,credit,0.0,True,0.0
T102285,C142,1033.44,8011,pix_debit,0.0,True,0.0
T102286,C105,36.370000000000005,8299,debit,0.028,False,0.0
T102287,C103,48.54,7512,pix_debit,0.025,False,0.0
T102288,C136,52.97,5812,credit,0.028,False,0.028
T102289,C149,150.88,5813,credit,0.028,False,0.028
T102290,C123,270.32,8011,pix_debit,0.025,False,0.0
T102291,C131,120.03,4511,pix_debit,0.03,False,0.0
T102292,C127,513.29,4511,pix_credit,0.0,True,0.0
T102293,C106,156.07,7512,pix_credit,0.025,False,0.025
T102294,C132,151.74,5812,pix_credit,0.028,False,0.028
T102295,C148,286.34,5813,credit,0.028,False,0.028
T102296,C103,210.56,5812,debit,0.025,False,0.025
T102297,C140,65.56,5812,credit,0.025,False,0.025
T102298,C106,110.91,4511,credit,0.025,False,0.025
T102299,C128,210.46,5941,credit,0.0,True,0.0
T102300,C101,527.16,4511,debit,0.028,False,0.028
T102301,C109,145.19,4511,pix_debit,0.028,False,0.0
T102302,C149,159.19,5411,credit,0.028,False,0.028
T102303,C127,74.53,8011,debit,0.0,True,0.0
T102304,C148,39.41,8299,credit,0.028,False,0.0
T102305,C129,345.09,4511,credit,0.03,False,0.03
T102306,C148,263.45,5812,debit,0.028,False,0.028
T102307,C110,212.49,5813,credit,0.025,False,0.025
T102308,C120,174.8,8299,debit,0.025,False,0.0
T102309,C127,75.67,5411,pix_debit,0.0,True,0.0
T102310,C134,120.6,7512,pix_debit,0.03,False,0.0
T102311,C144,172.63,8011,credit,0.025,False,0.025
T102312,C118,136.9,8299,debit,0.025,False,0.0
T102313,C116,492.19,8011,debit,0.03,False,0.03
T102314,C132,282.02,5411,pix_credit,0.028,False,0.028
T102315,C136,89.31,5813,credit,0.028,False,0.028
T102316,C103,117.87,5813,voucher,0.025,False,0.025
T102317,C115,415.7,5941,credit,0.03,False,0.03
T102318,C146,114.19,5941,debit,0.028,False,0.028
T102319,C104,21.91,5941,debit,0.03,False,0.03
T102320,C135,184.47,4511,debit,0.028,False,0.028
T102321,C147,196.06,4511,debit,0.03,False,0.03
T102322,C106,88.55,5411,credit,0.025,False,0.025
T102323,C123,67.8,5813,debit,0.025,False,0.025
T102324,C122,307.58,5812,credit,0.03,False,0.03
T102325,C102,88.99,8011,pix_debit,0.028,False,0.0
T102326,C102,85.1,5812,credit,0.028,False,0.028
T102327,C146,277.01,8299,pix_debit,0.028,False,0.0
T102328,C130,158.35,5812,debit,0.0,True,0.025
T102329,C148,258.25,4511,pix_debit,0.028,False,0.0
T102330,C149,95.76,7512,debit,0.028,False,0.028
T102331,C141,340.19,4511,pix_credit,0.0,True,0.025
T102332,C149,41.870000000000005,4511,pix_debit,0.028,False,0.0
T102333,C120,279.21,8011,debit,0.025,False,0.025
T102334,C117,84.65,5812,credit,0.0,True,0.0
T102335,C149,380.59,7512,credit,0.028,False,0.028
T102336,C104,39.9,7512,credit,0.03,False,0.03
T102337,C149,313.37,5812,pix_debit,0.028,False,0.0
T102338,C103,535.66,5941,debit,0.025,False,0.025
T102339,C118,136.42000000000002,7512,pix_credit,0.025,False,0.025
T102340,C149,344.97,8011,pix_credit,0.028,False,0.028
T102341,C142,49.91,5411,credit,0.0,True,0.0
T102342,C137,122.83,7512,credit,0.028,False,0.028
T102343,C123,185.6,5941,debit,0.025,False,0.025
T102344,C103,361.39,5813,credit,0.025,False,0.025
T102345,C119,95.83,8299,credit,0.025,False,0.0
T102346,C139,109.78,8299,debit,0.0,True,0.0
T102347,C123,48.61,5813,credit,0.025,False,0.025
T102348,C115,590.13,5411,pix_debit,0.03,False,0.0
T102349,C145,199.41,8011,credit,0.028,False,0.028
T102350,C114,360.29,5813,credit,0.025,False,0.025
T102351,C137,147.01,4511,credit,0.028,False,0.028
T102352,C110,1620.2,7512,debit,0.025,False,0.025
T102353,C135,703.99,7512,pix_debit,0.028,False,0.0
T102354,C123,55.09,8299,debit,0.025,False,0.0
T102355,C132,365.92,5813,credit,0.028,False,0.028
T102356,C122,96.03,5813,debit,0.03,False,0.03
T102357,C130,61.76,8011,debit,0.0,True,0.025
T102358,C116,520.81,5812,debit,0.03,False,0.03
T102359,C134,294.88,5411,pix_debit,0.03,False,0.0
T102360,C133,96.01,8011,debit,0.025,False,0.025
T102361,C146,35.31,5812,debit,0.028,False,0.028
T102362,C144,295.65,7512,credit,0.025,False,0.025
T102363,C149,327.8,5411,pix_credit,0.028,False,0.028
T102364,C104,367.63,5812,pix_debit,0.03,False,0.0
T102365,C106,125.09,5941,pix_debit,0.025,False,0.0
T102366,C137,51.89,8011,pix_credit,0.028,False,0.028
T102367,C112,236.3,5941,debit,0.03,False,0.03
T102368,C140,21.26,4511,credit,0.025,False,0.025
T102369,C123,286.88,5941,credit,0.025,False,0.025
T102370,C114,49.16,5812,credit,0.025,False,0.025
T102371,C120,507.11,5941,debit,0.025,False,0.025
T102372,C102,36.73,4511,debit,0.028,False,0.028
T102373,C143,159.46,8299,credit,0.028,False,0.0
T102374,C145,181.11,5812,credit,0.028,False,0.028
T102375,C148,130.13,5812,debit,0.028,False,0.028
T102376,C128,211.34,5941,credit,0.0,True,0.0
T102377,C104,360.69,5941,debit,0.03,False,0.03
T102378,C134,185.66,8299,credit,0.03,False,0.0
T102379,C136,270.9,8299,credit,0.028,False,0.0
T102380,C148,531.23,4511,credit,0.028,False,0.028
T102381,C135,62.25,8299,pix_debit,0.028,False,0.0
T102382,C104,191.54,8011,debit,0.03,False,0.03
T102383,C110,77.38,5411,pix_debit,0.025,False,0.0
T102384,C119,49.37,5941,pix_credit,0.025,False,0.025
T102385,C100,426.38,7512,credit,0.03,False,0.03
T102386,C136,119.77,8011,pix_debit,0.028,False,0.0
T102387,C105,68.99000000000001,4511,pix_credit,0.028,False,0.028
T102388,C146,53.39,7512,debit,0.028,False,0.028
T102389,C104,106.92,7512,pix_credit,0.03,False,0.03
T102390,C113,127.86,5812,pix_debit,0.028,False,0.0
T102391,C116,148.88,8299,credit,0.03,False,0.0
T102392,C118,267.46,5411,credit,0.025,False,0.025
T102393,C125,135.98000000000002,5812,voucher,0.025,False,0.025
T102394,C128,74.51,5941,pix_debit,0.0,True,0.0
T102395,C103,56.31,8011,debit,0.025,False,0.025
T102396,C114,194.47,5813,pix_debit,0.025,False,0.0
T102397,C145,961.6,8011,credit,0.028,False,0.028
T102398,C132,156.48,5941,debit,0.028,False,0.028
T102399,C117,188.05,5813,pix_credit,0.0,True,0.0
T102400,C109,71.84,5941,pix_debit,0.028,False,0.0
T102401,C102,46.66,5813,debit,0.028,False,0.028
T102402,C119,285.97,8011,credit,0.025,False,0.025
T102403,C118,29.59,8011,credit,0.025,False,0.025
T102404,C116,72.71000000000001,7512,credit,0.03,False,0.03
T102405,C130,54.1,5411,voucher,0.0,True,0.025
T102406,C132,477.48,5941,debit,0.028,False,0.028
T102407,C137,95.69,8011,pix_debit,0.028,False,0.0
T102408,C148,81.96,5411,credit,0.028,False,0.028
T102409,C123,176.65,7512,debit,0.025,False,0.025
T102410,C114,1100.01,7512,credit,0.025,False,0.025
T102411,C130,340.64,8299,pix_debit,0.0,True,0.0
T102412,C128,66.07,5411,voucher,0.0,True,0.0
T102413,C111,30.35,8299,credit,0.03,False,0.0
T102414,C143,546.1,8299,credit,0.028,False,0.0
T102415,C110,123.36,5813,debit,0.025,False,0.025
T102416,C108,38.510000000000005,5812,voucher,0.03,False,0.03
T102417,C112,249.75,7512,debit,0.03,False,0.03
T102418,C142,185.46,5813,pix_debit,0.0,True,0.0
T102419,C133,69.03,4511,credit,0.025,False,0.025
T102420,C129,76.24,5411,credit,0.03,False,0.03
T102421,C123,182.45,7512,credit,0.025,False,0.025
T102422,C131,76.32,5941,pix_debit,0.03,False,0.0
T102423,C108,28.85,5941,debit,0.03,False,0.03
T102424,C109,944.57,5411,pix_credit,0.028,False,0.028
T102425,C125,1310.66,7512,pix_debit,0.025,False,0.0
T102426,C123,224.68,5812,credit,0.025,False,0.025
T102427,C125,269.4,5813,credit,0.025,False,0.025
T102428,C119,160.95,7512,credit,0.025,False,0.025
T102429,C129,36.79,8299,pix_debit,0.03,False,0.0
T102430,C110,204.7,4511,pix_credit,0.025,False,0.025
T102431,C147,44.61,5411,debit,0.03,False,0.03
T102432,C114,66.47999999999999,4511,credit,0.025,False,0.025
T102433,C132,196.31,7512,pix_debit,0.028,False,0.0
T102434,C148,140.74,5941,pix_debit,0.028,False,0.0
T102435,C137,576.12,7512,credit,0.028,False,0.028
T102436,C121,125.06,4511,debit,0.03,False,0.03
T102437,C133,337.68,5411,credit,0.025,False,0.025
T102438,C134,29.05,5812,credit,0.03,False,0.03
T102439,C120,93.46,4511,credit,0.025,False,0.025
T102440,C102,387.83,5812,credit,0.028,False,0.028
T102441,C120,437.2,5411,credit,0.025,False,0.025
T102442,C104,583.83,4511,pix_credit,0.03,False,0.03
T102443,C103,211.55,8299,pix_credit,0.025,False,0.0
T102444,C126,269.58,5941,debit,0.03,False,0.03
T102445,C133,430.41,8299,pix_debit,0.025,False,0.0
T102446,C111,63.05,5411,pix_credit,0.03,False,0.03
T102447,C122,549.78,8299,credit,0.03,False,0.0
T102448,C118,890.69,5941,credit,0.025,False,0.025
T102449,C112,1229.35,5411,debit,0.03,False,0.03
T102450,C127,284.94,8299,credit,0.0,True,0.0
T102451,C112,111.65,5941,debit,0.03,False,0.03
T102452,C106,93.33,5813,credit,0.025,False,0.025
T102453,C109,114.31,5813,debit,0.028,False,0.028
T102454,C105,52.38,5813,credit,0.028,False,0.028
T102455,C133,215.46,5941,credit,0.025,False,0.025
T102456,C123,1011.75,5813,debit,0.025,False,0.025
T102457,C131,218.06,8011,credit,0.03,False,0.03
T102458,C133,544.34,4511,credit,0.025,False,0.025
T102459,C131,350.38,5411,pix_debit,0.03,False,0.0
T102460,C107,90.73,5812,credit,0.0,True,0.0
T102461,C104,610.17,5813,voucher,0.03,False,0.03
T102462,C105,149.1,5941,debit,0.028,False,0.028
T102463,C118,288.51,5812,credit,0.025,False,0.025
T102464,C119,206.04,8011,pix_debit,0.025,False,0.0
T102465,C129,194.63,5941,voucher,0.03,False,0.03
T102466,C110,98.8,5813,credit,0.025,False,0.025
T102467,C114,175.23,7512,pix_credit,0.025,False,0.025
T102468,C131,350.88,8299,pix_debit,0.03,False,0.0
T102469,C142,232.93,5813,credit,0.0,True,0.0
T102470,C146,230.72,8011,credit,0.028,False,0.028
T102471,C110,918.58,5941,credit,0.025,False,0.025
T102472,C135,140.4,8299,credit,0.028,False,0.0
T102473,C100,490.39,4511,credit,0.03,False,0.03
T102474,C126,22.29,7512,debit,0.03,False,0.03
T102475,C122,559.69,5411,debit,0.03,False,0.03
T102476,C112,33.379999999999995,8011,debit,0.03,False,0.03
T102477,C125,134.6,5812,credit,0.025,False,0.025
T102478,C124,230.94,5941,pix_credit,0.03,False,0.03
T102479,C107,107.07,5813,pix_debit,0.0,True,0.0
T102480,C112,117.63,4511,debit,0.03,False,0.03
T102481,C113,207.33,5411,debit,0.028,False,0.028
T102482,C128,155.51,7512,pix_debit,0.0,True,0.0
T102483,C100,185.38,5411,debit,0.03,False,0.03
T102484,C149,364.21,8011,credit,0.028,False,0.028
T102485,C112,53.11,5411,credit,0.03,False,0.03
T102486,C149,283.79,5812,voucher,0.028,False,0.028
T102487,C128,425.11,5812,pix_debit,0.0,True,0.0
T102488,C133,366.58,5812,pix_debit,0.025,False,0.0
T102489,C130,221.52,5941,pix_debit,0.0,True,0.0
T102490,C112,98.97,5813,pix_debit,0.03,False,0.0
T102491,C102,213.81,8011,credit,0.028,False,0.028
T102492,C122,157.66,5941,debit,0.03,False,0.03
T102493,C117,37.25,5813,credit,0.0,True,0.0
T102494,C128,318.07,5812,credit,0.0,True,0.0
T102495,C102,1063.46,8299,voucher,0.028,False,0.0
T102496,C120,168.73,8011,debit,0.025,False,0.025
T102497,C129,423.99,5411,pix_debit,0.03,False,0.0
T102498,C137,53.36,5941,credit,0.028,False,0.028
T102499,C105,289.67,4511,debit,0.028,False,0.028
T102500,C101,185.34,5411,credit,0.028,False,0.028
T102501,C123,1137.71,5411,credit,0.025,False,0.025
T102502,C128,38.04,5812,pix_debit,0.0,True,0.0
T102503,C139,70.17,8299,pix_credit,0.0,True,0.0
T102504,C137,164.1,5411,credit,0.028,False,0.028
T102505,C114,192.99,7512,debit,0.025,False,0.025
T102506,C138,214.03,5411,credit,0.03,False,0.03
T102507,C112,296.07,5941,credit,0.03,False,0.03
T102508,C124,44.92,8299,credit,0.03,False,0.0
T102509,C140,19.07,5941,debit,0.025,False,0.025
T102510,C123,345.36,5813,credit,0.025,False,0.025
T102511,C100,120.08,8299,debit,0.03,False,0.0
T102512,C110,31.8,7512,credit,0.025,False,0.025
T102513,C114,200.04,5812,credit,0.025,False,0.025
T102514,C111,89.78,5411,credit,0.03,False,0.03
T102515,C123,796.14,5812,debit,0.025,False,0.025
T102516,C142,352.63,5812,debit,0.0,True,0.0
T102517,C138,587.46,5813,pix_credit,0.03,False,0.03
T102518,C149,52.59,5941,credit,0.028,False,0.028
T102519,C128,152.86,7512,pix_credit,0.0,True,0.0
T102520,C115,70.47999999999999,7512,debit,0.03,False,0.03
T102521,C141,262.25,4511,credit,0.0,True,0.025
T102522,C114,356.41,5813,pix_credit,0.025,False,0.025
T102523,C115,469.84,7512,credit,0.03,False,0.03
T102524,C126,1420.38,7512,credit,0.03,False,0.03
T102525,C129,991.88,5812,credit,0.03,False,0.03
T102526,C134,357.05,4511,credit,0.03,False,0.03
T102527,C129,66.74000000000001,8011,voucher,0.03,False,0.03
T102528,C116,391.53,8011,credit,0.03,False,0.03
T102529,C102,40.95,5941,credit,0.028,False,0.028
T102530,C121,166.15,5941,voucher,0.03,False,0.03
T102531,C134,302.22,5941,debit,0.03,False,0.03
T102532,C113,174.66,4511,pix_credit,0.028,False,0.028
T102533,C136,425.95,4511,credit,0.028,False,0.028
T102534,C140,222.77,5411,debit,0.025,False,0.025
T102535,C141,362.05,4511,pix_debit,0.0,True,0.0
T102536,C112,124.2,5813,credit,0.03,False,0.03
T102537,C143,163.69,5411,pix_debit,0.028,False,0.0
T102538,C133,528.45,5812,debit,0.025,False,0.025
T102539,C137,25.52,7512,debit,0.028,False,0.028
T102540,C114,587.1,4511,credit,0.025,False,0.025
T102541,C109,586.63,8011,credit,0.028,False,0.028
T102542,C119,169.18,5813,credit,0.025,False,0.025
T102543,C122,134.88,5813,debit,0.03,False,0.03
T102544,C116,1074.52,8299,pix_debit,0.03,False,0.0
T102545,C139,215.29,8299,credit,0.0,True,0.0
T102546,C144,139.06,5813,debit,0.025,False,0.025
T102547,C144,200.25,4511,debit,0.025,False,0.025
T102548,C116,139.43,5941,credit,0.03,False,0.03
T102549,C137,389.09,4511,debit,0.028,False,0.028
T102550,C120,2644.79,5411,pix_debit,0.025,False,0.0
T102551,C100,320.2,5812,credit,0.03,False,0.03
T102552,C109,604.34,8299,credit,0.028,False,0.0
T102553,C147,1208.2,5411,pix_debit,0.03,False,0.0
T102554,C122,772.3,5941,debit,0.03,False,0.03
T102555,C138,688.62,8011,credit,0.03,False,0.03
T102556,C101,267.07,5411,credit,0.028,False,0.028
T102557,C144,112.81,7512,pix_debit,0.025,False,0.0
T102558,C128,284.84,8299,credit,0.0,True,0.0
T102559,C119,77.59,4511,pix_debit,0.025,False,0.0
T102560,C120,44.91,5411,credit,0.025,False,0.025
T102561,C105,608.74,5813,debit,0.028,False,0.028
T102562,C149,188.18,8011,credit,0.028,False,0.028
T102563,C134,402.37,4511,debit,0.03,False,0.03
T102564,C119,178.92,5941,pix_debit,0.025,False,0.0
T102565,C128,258.16,5941,pix_credit,0.0,True,0.0
T102566,C134,468.78,5813,pix_debit,0.03,False,0.0
T102567,C118,121.87,8011,credit,0.025,False,0.025
T102568,C143,740.67,4511,debit,0.028,False,0.028
T102569,C118,149.32,5411,debit,0.025,False,0.025
T102570,C131,34.0,5941,debit,0.03,False,0.03
T102571,C121,75.51,5941,voucher,0.03,False,0.03
T102572,C134,40.04,7512,credit,0.03,False,0.03
T102573,C124,45.39,8011,credit,0.03,False,0.03
T102574,C130,67.08,5941,pix_debit,0.0,True,0.0
T102575,C113,420.53,4511,pix_debit,0.028,False,0.0
T102576,C129,236.84,8299,voucher,0.03,False,0.0
T102577,C117,46.86,8299,credit,0.0,True,0.0
T102578,C145,134.01,5812,credit,0.028,False,0.028
T102579,C128,54.48,4511,credit,0.0,True,0.0
T102580,C130,500.6,4511,pix_credit,0.0,True,0.025
T102581,C129,250.94,5941,debit,0.03,False,0.03
T102582,C104,388.19,5941,credit,0.03,False,0.03
T102583,C138,371.59,8299,debit,0.03,False,0.0
T102584,C124,52.18,5411,pix_credit,0.03,False,0.03
T102585,C110,997.27,4511,credit,0.025,False,0.025
T102586,C115,96.83,5813,pix_credit,0.03,False,0.03
T102587,C110,283.35,8299,debit,0.025,False,0.0
T102588,C105,532.24,8011,credit,0.028,False,0.028
T102589,C123,380.17,5411,credit,0.025,False,0.025
T102590,C105,206.09,5813,credit,0.028,False,0.028
T102591,C117,242.83,7512,pix_credit,0.0,True,0.0
T102592,C126,66.12,5813,credit,0.03,False,0.03
T102593,C128,325.85,5812,credit,0.0,True,0.0
T102594,C138,411.34,5813,pix_debit,0.03,False,0.0
T102595,C108,216.04,8299,debit,0.03,False,0.0
T102596,C137,276.07,5813,credit,0.028,False,0.028
T102597,C133,346.21,5813,pix_debit,0.025,False,0.0
T102598,C121,56.8,5812,debit,0.03,False,0.03
T102599,C141,136.19,4511,pix_debit,0.0,True,0.0
T102600,C133,35.61,5411,credit,0.025,False,0.025
T102601,C127,277.47,7512,pix_debit,0.0,True,0.0
T102602,C120,80.03,5812,credit,0.025,False,0.025
T102603,C120,57.2,8299,voucher,0.025,False,0.0
T102604,C103,382.89,5411,credit,0.025,False,0.025
T102605,C120,153.17,7512,credit,0.025,False,0.025
T102606,C140,237.58,7512,pix_credit,0.025,False,0.025
T102607,C132,171.83,5941,credit,0.028,False,0.028
T102608,C129,185.77,5812,credit,0.03,False,0.03
T102609,C146,88.8,5411,pix_debit,0.028,False,0.0
T102610,C129,43.25,7512,debit,0.03,False,0.03
T102611,C113,366.6,5411,credit,0.028,False,0.028
T102612,C107,404.4,5411,credit,0.0,True,0.0
T102613,C109,618.41,8011,pix_credit,0.028,False,0.028
T102614,C106,233.19,5813,debit,0.025,False,0.025
T102615,C117,411.14,8011,pix_credit,0.0,True,0.0
T102616,C141,101.46,4511,debit,0.0,True,0.025
T102617,C148,115.24,5812,pix_credit,0.028,False,0.028
T102618,C125,104.0,4511,credit,0.025,False,0.025
T102619,C105,124.89,5813,pix_debit,0.028,False,0.0
T102620,C117,163.03,5813,credit,0.0,True,0.0
T102621,C126,87.91,5812,voucher,0.03,False,0.03
T102622,C138,327.15,5813,debit,0.03,False,0.03
T102623,C145,579.68,8011,credit,0.028,False,0.028
T102624,C114,60.99,8299,pix_credit,0.025,False,0.0
T102625,C126,101.66,8011,debit,0.03,False,0.03
T102626,C130,83.12,8011,pix_debit,0.0,True,0.0
T102627,C132,204.92,4511,debit,0.028,False,0.028
T102628,C145,104.36,5813,debit,0.028,False,0.028
T102629,C140,115.43,8299,credit,0.025,False,0.0
T102630,C134,368.22,8299,debit,0.03,False,0.0
T102631,C131,358.96,5411,debit,0.03,False,0.03
T102632,C113,560.52,8011,credit,0.028,False,0.028
T102633,C127,735.39,8011,credit,0.0,True,0.0
T102634,C113,512.23,5411,credit,0.028,False,0.028
T102635,C118,905.47,5813,debit,0.025,False,0.025
T102636,C116,182.86,7512,credit,0.03,False,0.03
T102637,C113,471.0,4511,pix_debit,0.028,False,0.0
T102638,C111,127.04,5813,credit,0.03,False,0.03
T102639,C133,26.21,7512,debit,0.025,False,0.025
T102640,C111,278.82,5411,credit,0.03,False,0.03
T102641,C143,105.56,4511,pix_credit,0.028,False,0.028
T102642,C120,92.52,7512,credit,0.025,False,0.025
T102643,C100,251.56,8011,pix_debit,0.03,False,0.0
T102644,C135,262.56,5813,credit,0.028,False,0.028
T102645,C142,430.66,5941,debit,0.0,True,0.0
T102646,C141,228.03,5941,debit,0.0,True,0.025
T102647,C100,67.58,8299,debit,0.03,False,0.0
T102648,C134,156.69,7512,pix_debit,0.03,False,0.0
T102649,C112,119.76,5812,debit,0.03,False,0.03
T102650,C102,212.21,8011,pix_debit,0.028,False,0.0
T102651,C128,715.93,7512,credit,0.0,True,0.0
T102652,C101,193.08,8011,pix_credit,0.028,False,0.028
T102653,C126,97.79,8299,debit,0.03,False,0.0
T102654,C118,365.49,5812,credit,0.025,False,0.025
T102655,C124,374.77,5812,debit,0.03,False,0.03
T102656,C114,205.43,7512,credit,0.025,False,0.025
T102657,C113,55.5,8011,credit,0.028,False,0.028
T102658,C113,171.8,5411,credit,0.028,False,0.028
T102659,C111,456.64,7512,debit,0.03,False,0.03
T102660,C132,166.02,4511,credit,0.028,False,0.028
T102661,C114,113.92,4511,credit,0.025,False,0.025
T102662,C117,147.67,5813,pix_credit,0.0,True,0.0
T102663,C130,62.48,7512,debit,0.0,True,0.025
T102664,C130,265.33000000000004,8011,debit,0.0,True,0.025
T102665,C123,115.31,5812,debit,0.025,False,0.025
T102666,C134,1427.98,4511,debit,0.03,False,0.03
T102667,C111,147.77,5812,debit,0.03,False,0.03
T102668,C110,141.96,5813,credit,0.025,False,0.025
T102669,C142,100.25,8299,debit,0.0,True,0.0
T102670,C136,491.01,5812,credit,0.028,False,0.028
T102671,C138,374.25,8299,voucher,0.03,False,0.0
T102672,C122,58.49,8011,credit,0.03,False,0.03
T102673,C143,84.74,5411,voucher,0.028,False,0.028
T102674,C107,83.86,5941,credit,0.0,True,0.0
T102675,C144,50.2,5941,credit,0.025,False,0.025
T102676,C145,145.5,5813,pix_credit,0.028,False,0.028
T102677,C144,1261.4,4511,pix_credit,0.025,False,0.025
T102678,C123,641.8,8299,credit,0.025,False,0.0
T102679,C115,127.24,5812,credit,0.03,False,0.03
T102680,C114,609.98,5941,credit,0.025,False,0.025
T102681,C111,155.51,8011,debit,0.03,False,0.03
T102682,C130,128.59,5812,credit,0.0,True,0.025
T102683,C131,132.56,5812,credit,0.03,False,0.03
T102684,C119,228.69,5941,pix_credit,0.025,False,0.025
T102685,C142,137.13,4511,credit,0.0,True,0.0
T102686,C106,276.36,8299,credit,0.025,False,0.0
T102687,C122,515.63,5813,debit,0.03,False,0.03
T102688,C108,25.880000000000003,5812,credit,0.03,False,0.03
T102689,C132,188.62,5411,debit,0.028,False,0.028
T102690,C147,850.8,4511,pix_debit,0.03,False,0.0
T102691,C113,816.62,8011,credit,0.028,False,0.028
T102692,C141,89.92,5941,pix_credit,0.0,True,0.025
T102693,C147,52.58,5941,pix_credit,0.03,False,0.03
T102694,C102,193.9,8299,debit,0.028,False,0.0
T102695,C114,370.28,5941,debit,0.025,False,0.025
T102696,C148,19.49,5411,credit,0.028,False,0.028
T102697,C139,322.66,5813,credit,0.0,True,0.0
T102698,C116,694.58,4511,credit,0.03,False,0.03
T102699,C128,140.81,5813,pix_debit,0.0,True,0.0
T102700,C106,94.72,4511,credit,0.025,False,0.025
T102701,C145,220.24,5411,voucher,0.028,False,0.028
T102702,C127,75.98,4511,credit,0.0,True,0.0
T102703,C143,73.97999999999999,5941,debit,0.028,False,0.028
T102704,C128,383.02,8299,credit,0.0,True,0.0
T102705,C135,488.72,4511,credit,0.028,False,0.028
T102706,C116,632.76,5941,credit,0.03,False,0.03
T102707,C110,157.63,8011,credit,0.025,False,0.025
T102708,C111,131.17000000000002,5813,debit,0.03,False,0.03
T102709,C116,357.91,8011,debit,0.03,False,0.03
T102710,C112,129.53,7512,debit,0.03,False,0.03
T102711,C126,70.7,5411,pix_debit,0.03,False,0.0
T102712,C132,143.78,8011,pix_debit,0.028,False,0.0
T102713,C119,478.86,5411,credit,0.025,False,0.025
T102714,C141,40.85,4511,credit,0.0,True,0.025
T102715,C140,573.41,5411,debit,0.025,False,0.025
T102716,C100,66.17,4511,credit,0.03,False,0.03
T102717,C120,59.47,5812,debit,0.025,False,0.025
T102718,C111,239.37,5411,debit,0.03,False,0.03
T102719,C121,67.38,5812,credit,0.03,False,0.03
T102720,C117,93.59,7512,debit,0.0,True,0.0
T102721,C127,31.52,5941,debit,0.0,True,0.0
T102722,C149,310.5,5812,pix_credit,0.028,False,0.028
T102723,C142,80.53,4511,debit,0.0,True,0.0
T102724,C105,312.9,5941,pix_credit,0.028,False,0.028
T102725,C136,404.04,7512,credit,0.028,False,0.028
T102726,C116,1889.6,8011,debit,0.03,False,0.03
T102727,C143,68.43,8299,credit,0.028,False,0.0
T102728,C101,59.7,4511,credit,0.028,False,0.028
T102729,C127,112.25,4511,pix_debit,0.0,True,0.0
T102730,C115,68.6,5812,credit,0.03,False,0.03
T102731,C139,108.5,8299,debit,0.0,True,0.0
T102732,C138,207.77,8299,debit,0.03,False,0.0
T102733,C133,144.36,7512,debit,0.025,False,0.025
T102734,C114,152.63,5411,pix_debit,0.025,False,0.0
T102735,C121,130.91,4511,debit,0.03,False,0.03
T102736,C110,430.3,7512,pix_debit,0.025,False,0.0
T102737,C109,103.18,5411,credit,0.028,False,0.028
T102738,C148,303.12,5812,debit,0.028,False,0.028
T102739,C100,277.42,4511,credit,0.03,False,0.03
T102740,C101,661.3,5812,pix_credit,0.028,False,0.028
T102741,C106,289.15,5813,pix_debit,0.025,False,0.0
T102742,C145,502.55,5813,credit,0.028,False,0.028
T102743,C120,164.71,5411,pix_debit,0.025,False,0.0
T102744,C113,27.06,8011,pix_debit,0.028,False,0.0
T102745,C137,240.19,4511,credit,0.028,False,0.028
T102746,C138,136.78,5813,debit,0.03,False,0.03
T102747,C117,75.96,8299,credit,0.0,True,0.0
T102748,C129,152.79,7512,credit,0.03,False,0.03
T102749,C126,89.64,5812,credit,0.03,False,0.03
T102750,C116,1152.0,5941,voucher,0.03,False,0.03
T102751,C108,170.22,7512,debit,0.03,False,0.03
T102752,C123,956.74,5812,debit,0.025,False,0.025
T102753,C118,30.5,8011,debit,0.025,False,0.025
T102754,C127,225.87,5813,debit,0.0,True,0.0
T102755,C142,181.07,5813,pix_debit,0.0,True,0.0
T102756,C108,127.28,5812,credit,0.03,False,0.03
T102757,C114,73.85,5941,debit,0.025,False,0.025
T102758,C131,77.68,5812,credit,0.03,False,0.03
T102759,C114,47.61,8299,credit,0.025,False,0.0
T102760,C104,211.77,5411,credit,0.03,False,0.03
T102761,C103,72.52000000000001,8011,debit,0.025,False,0.025
T102762,C125,151.02,4511,debit,0.025,False,0.025
T102763,C101,99.29,5813,credit,0.028,False,0.028
T102764,C109,354.49,5411,voucher,0.028,False,0.028
T102765,C100,71.17,8011,pix_debit,0.03,False,0.0
T102766,C133,63.63,8011,pix_debit,0.025,False,0.0
T102767,C128,384.21,5411,credit,0.0,True,0.0
T102768,C124,211.26,5941,voucher,0.03,False,0.03
T102769,C128,169.45,8299,voucher,0.0,True,0.0
T102770,C121,156.99,7512,credit,0.03,False,0.03
T102771,C147,135.87,5411,credit,0.03,False,0.03
T102772,C131,157.71,5941,pix_debit,0.03,False,0.0
T102773,C109,34.31,7512,debit,0.028,False,0.028
T102774,C101,108.38,8299,debit,0.028,False,0.0
T102775,C137,71.72,8011,debit,0.028,False,0.028
T102776,C111,205.68,8011,debit,0.03,False,0.03
T102777,C126,56.72,4511,debit,0.03,False,0.03
T102778,C146,498.61,8011,credit,0.028,False,0.028
T102779,C128,173.89,5812,credit,0.0,True,0.0
T102780,C149,162.87,5812,credit,0.028,False,0.028
T102781,C118,192.18,5941,voucher,0.025,False,0.025
T102782,C111,109.98,5812,pix_debit,0.03,False,0.0
T102783,C131,172.59,8299,pix_credit,0.03,False,0.0
T102784,C126,96.58,5941,credit,0.03,False,0.03
T102785,C110,56.59,8011,voucher,0.025,False,0.025
T102786,C147,579.19,7512,pix_credit,0.03,False,0.03
T102787,C129,219.57,5411,credit,0.03,False,0.03
T102788,C121,41.4,4511,pix_debit,0.03,False,0.0
T102789,C122,96.31,8299,credit,0.03,False,0.0
T102790,C142,104.42,8299,credit,0.0,True,0.0
T102791,C146,185.89,5813,debit,0.028,False,0.028
T102792,C146,359.79,8011,debit,0.028,False,0.028
T102793,C133,298.34,5813,credit,0.025,False,0.025
T102794,C112,580.65,7512,debit,0.03,False,0.03
T102795,C135,346.35,5813,credit,0.028,False,0.028
T102796,C114,134.19,8299,pix_debit,0.025,False,0.0
T102797,C119,141.91,7512,debit,0.025,False,0.025
T102798,C100,267.53,5813,voucher,0.03,False,0.03
T102799,C108,182.5,5941,pix_debit,0.03,False,0.0
T102800,C113,104.74,5411,credit,0.028,False,0.028
T102801,C129,1955.41,5812,pix_credit,0.03,False,0.03
T102802,C103,529.13,5813,pix_credit,0.025,False,0.025
T102803,C135,193.18,5812,debit,0.028,False,0.028
T102804,C101,116.63,5813,credit,0.028,False,0.028
T102805,C133,26.91,5411,debit,0.025,False,0.025
T102806,C109,653.19,5411,pix_debit,0.028,False,0.0
T102807,C134,728.05,7512,credit,0.03,False,0.03
T102808,C128,103.01,7512,pix_debit,0.0,True,0.0
T102809,C113,104.68,4511,voucher,0.028,False,0.028
T102810,C132,168.6,5941,debit,0.028,False,0.028
T102811,C112,188.48,8011,pix_debit,0.03,False,0.0
T102812,C113,355.06,7512,debit,0.028,False,0.028
T102813,C144,116.59,8011,debit,0.025,False,0.025
T102814,C120,611.62,8011,debit,0.025,False,0.025
T102815,C135,358.02,5813,credit,0.028,False,0.028
T102816,C145,294.48,5812,debit,0.028,False,0.028
T102817,C122,247.88,5812,pix_credit,0.03,False,0.03
T102818,C105,249.59,8299,debit,0.028,False,0.0
T102819,C124,246.13,4511,debit,0.03,False,0.03
T102820,C142,153.13,5941,credit,0.0,True,0.0
T102821,C123,611.7,8299,pix_debit,0.025,False,0.0
T102822,C124,286.78,4511,debit,0.03,False,0.03
T102823,C136,226.13,7512,credit,0.028,False,0.028
T102824,C140,406.71,5411,credit,0.025,False,0.025
T102825,C132,133.82999999999998,4511,debit,0.028,False,0.028
T102826,C124,52.06,5941,debit,0.03,False,0.03
T102827,C110,466.53,5813,pix_credit,0.025,False,0.025
T102828,C122,175.65,4511,pix_debit,0.03,False,0.0
T102829,C118,157.03,4511,pix_debit,0.025,False,0.0
T102830,C129,294.66,5812,debit,0.03,False,0.03
T102831,C136,274.5,5941,pix_debit,0.028,False,0.0
T102832,C130,322.45,8299,debit,0.0,True,0.0
T102833,C149,35.879999999999995,4511,credit,0.028,False,0.028
T102834,C100,577.49,5813,debit,0.03,False,0.03
T102835,C145,153.97,5813,pix_debit,0.028,False,0.0
T102836,C128,349.44,5941,pix_debit,0.0,True,0.0
T102837,C124,657.17,4511,credit,0.03,False,0.03
T102838,C102,344.6,5941,debit,0.028,False,0.028
T102839,C108,111.05,5813,debit,0.03,False,0.03
T102840,C107,811.79,7512,voucher,0.0,True,0.0
T102841,C104,86.97,5941,credit,0.03,False,0.03
T102842,C140,190.95,4511,credit,0.025,False,0.025
T102843,C125,144.77,5813,credit,0.025,False,0.025
T102844,C110,374.04,8011,credit,0.025,False,0.025
T102845,C122,431.65,5812,credit,0.03,False,0.03
T102846,C115,263.59000000000003,5813,credit,0.03,False,0.03
T102847,C149,164.18,5812,credit,0.028,False,0.028
T102848,C108,29.32,5411,credit,0.03,False,0.03
T102849,C115,42.68,8011,credit,0.03,False,0.03
T102850,C107,192.04,8011,credit,0.0,True,0.0
T102851,C118,178.44,5812,pix_credit,0.025,False,0.025
T102852,C101,1089.45,5941,credit,0.028,False,0.028
T102853,C145,39.58,5411,pix_debit,0.028,False,0.0
T102854,C137,147.35,5812,debit,0.028,False,0.028
T102855,C102,45.07,7512,pix_debit,0.028,False,0.0
T102856,C107,194.21,5813,debit,0.0,True,0.0
T102857,C117,422.51,5411,debit,0.0,True,0.0
T102858,C115,85.14,4511,credit,0.03,False,0.03
T102859,C138,163.0,8011,credit,0.03,False,0.03
T102860,C145,74.44,8299,debit,0.028,False,0.0
T102861,C115,89.11,5812,credit,0.03,False,0.03
T102862,C135,148.96,8011,pix_debit,0.028,False,0.0
T102863,C146,163.78,8011,debit,0.028,False,0.028
T102864,C104,266.29,8011,credit,0.03,False,0.03
T102865,C145,75.53,5812,pix_debit,0.028,False,0.0
T102866,C118,864.68,5812,debit,0.025,False,0.025
T102867,C105,82.04,7512,credit,0.028,False,0.028
T102868,C145,1970.11,7512,credit,0.028,False,0.028
T102869,C115,429.69,8011,debit,0.03,False,0.03
T102870,C125,122.49,4511,pix_debit,0.025,False,0.0
T102871,C105,57.23,7512,pix_debit,0.028,False,0.0
T102872,C135,144.41,7512,debit,0.028,False,0.028
T102873,C129,239.19,5812,credit,0.03,False,0.03
T102874,C143,141.99,8299,credit,0.028,False,0.0
T102875,C131,56.74,8011,credit,0.03,False,0.03
T102876,C136,88.95,5941,credit,0.028,False,0.028
T102877,C114,208.55,5411,credit,0.025,False,0.025
T102878,C101,70.46000000000001,5941,debit,0.028,False,0.028
T102879,C106,273.87,8299,credit,0.025,False,0.0
T102880,C111,64.68,5812,debit,0.03,False,0.03
T102881,C124,36.91,8011,credit,0.03,False,0.03
T102882,C122,187.06,4511,credit,0.03,False,0.03
T102883,C144,39.11,5941,pix_credit,0.025,False,0.025
T102884,C149,142.17,5812,pix_debit,0.028,False,0.0
T102885,C104,782.4,4511,debit,0.03,False,0.03
T102886,C129,79.24,4511,pix_debit,0.03,False,0.0
T102887,C114,75.61,5812,pix_credit,0.025,False,0.025
T102888,C142,548.22,4511,credit,0.0,True,0.0
T102889,C119,215.8,8299,credit,0.025,False,0.0
T102890,C144,110.41,8299,debit,0.025,False,0.0
T102891,C105,115.66,8011,pix_debit,0.028,False,0.0
T102892,C138,697.74,8011,credit,0.03,False,0.03
T102893,C137,129.35,5941,credit,0.028,False,0.028
T102894,C147,88.14,5812,debit,0.03,False,0.03
T102895,C111,437.79,4511,credit,0.03,False,0.03
T102896,C140,160.17,5812,debit,0.025,False,0.025
T102897,C124,90.57,4511,debit,0.03,False,0.03
T102898,C142,441.6,4511,credit,0.0,True,0.0
T102899,C138,110.84,5813,voucher,0.03,False,0.03
T102900,C121,14.83,7512,credit,0.03,False,0.03
T102901,C115,102.21,5813,pix_debit,0.03,False,0.0
T102902,C113,93.43,5813,credit,0.028,False,0.028
T102903,C102,41.510000000000005,4511,pix_debit,0.028,False,0.0
T102904,C133,43.69,5411,credit,0.025,False,0.025
T102905,C104,612.47,8299,pix_credit,0.03,False,0.0
T102906,C149,102.61,7512,debit,0.028,False,0.028
T102907,C117,223.2,5812,debit,0.0,True,0.0
T102908,C121,162.15,7512,debit,0.03,False,0.03
T102909,C109,725.53,8299,debit,0.028,False,0.0
T102910,C117,131.87,7512,pix_credit,0.0,True,0.0
T102911,C127,500.67,5941,debit,0.0,True,0.0
T102912,C147,41.54,8299,debit,0.03,False,0.0
T102913,C125,400.76,5411,pix_debit,0.025,False,0.0
T102914,C147,192.72,8011,credit,0.03,False,0.03
T102915,C149,206.44,5813,credit,0.028,False,0.028
T102916,C121,57.63,4511,credit,0.03,False,0.03
T102917,C120,898.9,5941,pix_debit,0.025,False,0.0
T102918,C143,46.6,8011,pix_debit,0.028,False,0.0
T102919,C137,111.86,5411,debit,0.028,False,0.028
T102920,C148,124.44,5812,credit,0.028,False,0.028
T102921,C149,102.21,5812,pix_credit,0.028,False,0.028
T102922,C102,874.94,5813,credit,0.028,False,0.028
T102923,C146,548.75,4511,pix_debit,0.028,False,0.0
T102924,C135,94.7,7512,credit,0.028,False,0.028
T102925,C123,181.42,5812,credit,0.025,False,0.025
T102926,C105,30.82,5812,debit,0.028,False,0.028
T102927,C110,127.0,7512,debit,0.025,False,0.025
T102928,C109,293.68,7512,debit,0.028,False,0.028
T102929,C131,63.53,5941,credit,0.03,False,0.03
T102930,C124,225.58,5812,pix_debit,0.03,False,0.0
T102931,C133,508.87,7512,credit,0.025,False,0.025
T102932,C102,158.73,8011,credit,0.028,False,0.028
T102933,C111,61.2,8011,debit,0.03,False,0.03
T102934,C106,147.28,5813,debit,0.025,False,0.025
T102935,C124,46.14,5812,credit,0.03,False,0.03
T102936,C126,104.27,5411,pix_debit,0.03,False,0.0
T102937,C141,775.15,8011,credit,0.0,True,0.025
T102938,C142,407.33,4511,credit,0.0,True,0.0
T102939,C120,1097.86,5941,credit,0.025,False,0.025
T102940,C135,329.72,5941,credit,0.028,False,0.028
T102941,C121,480.35,4511,voucher,0.03,False,0.03
T102942,C105,296.5,7512,pix_debit,0.028,False,0.0
T102943,C102,545.97,5813,credit,0.028,False,0.028
T102944,C146,99.88,5813,credit,0.028,False,0.028
T102945,C104,56.68,7512,pix_credit,0.03,False,0.03
T102946,C148,118.88,7512,credit,0.028,False,0.028
T102947,C104,204.94,4511,pix_credit,0.03,False,0.03
T102948,C133,129.81,5941,debit,0.025,False,0.025
T102949,C129,244.17,8011,pix_credit,0.03,False,0.03
T102950,C101,338.14,5812,credit,0.028,False,0.028
T102951,C106,116.94,5941,pix_debit,0.025,False,0.0
T102952,C118,98.0,5941,debit,0.025,False,0.025
T102953,C105,255.48,5941,debit,0.028,False,0.028
T102954,C132,175.2,5812,debit,0.028,False,0.028
T102955,C128,36.74,7512,debit,0.0,True,0.0
T102956,C131,773.87,5411,pix_debit,0.03,False,0.0
T102957,C122,271.25,8011,debit,0.03,False,0.03
T102958,C106,122.39,5812,credit,0.025,False,0.025
T102959,C114,79.33,7512,credit,0.025,False,0.025
T102960,C125,283.69,7512,credit,0.025,False,0.025
T102961,C149,147.37,5812,credit,0.028,False,0.028
T102962,C127,121.02,5813,debit,0.0,True,0.0
T102963,C139,90.44,8011,debit,0.0,True,0.0
T102964,C135,114.82,7512,pix_credit,0.028,False,0.028
T102965,C145,257.74,8011,credit,0.028,False,0.028
T102966,C112,40.120000000000005,7512,pix_debit,0.03,False,0.0
T102967,C132,519.98,5813,credit,0.028,False,0.028
T102968,C132,351.24,5941,debit,0.028,False,0.028
T102969,C133,68.15,5813,debit,0.025,False,0.025
T102970,C113,244.91,5411,pix_debit,0.028,False,0.0
T102971,C131,268.58,5941,credit,0.03,False,0.03
T102972,C100,145.67,7512,pix_debit,0.03,False,0.0
T102973,C127,188.55,8299,debit,0.0,True,0.0
T102974,C126,769.12,4511,debit,0.03,False,0.03
T102975,C114,116.08,4511,credit,0.025,False,0.025
T102976,C149,66.05,7512,credit,0.028,False,0.028
T102977,C145,306.38,5941,credit,0.028,False,0.028
T102978,C116,59.3,8299,pix_debit,0.03,False,0.0
T102979,C127,97.63,4511,credit,0.0,True,0.0
T102980,C115,197.76,5813,credit,0.03,False,0.03
T102981,C111,135.04000000000002,8011,voucher,0.03,False,0.03
T102982,C106,27.05,5813,debit,0.025,False,0.025
T102983,C149,277.04,5812,debit,0.028,False,0.028
T102984,C141,217.23,5813,pix_debit,0.0,True,0.0
T102985,C122,164.24,5813,credit,0.03,False,0.03
T102986,C106,90.14,4511,credit,0.025,False,0.025
T102987,C113,57.59,5941,pix_debit,0.028,False,0.0
T102988,C141,59.69,8011,pix_debit,0.0,True,0.0
T102989,C126,259.25,7512,credit,0.03,False,0.03
T102990,C124,380.74,8299,credit,0.03,False,0.0
T102991,C121,73.64,8011,pix_debit,0.03,False,0.0
T102992,C107,47.19,4511,debit,0.0,True,0.0
T102993,C137,27.1,8011,debit,0.028,False,0.028
T102994,C130,152.16,5941,voucher,0.0,True,0.025
T102995,C124,972.74,4511,credit,0.03,False,0.03
T102996,C115,86.78,5941,debit,0.03,False,0.03
T102997,C118,505.13,5812,credit,0.025,False,0.025
T102998,C111,416.7,5941,voucher,0.03,False,0.03
T102999,C117,264.15,5411,pix_credit,0.0,True,0.0
T103000,C134,163.23,5411,debit,0.03,False,0.03
T103001,C127,415.21,8299,credit,0.0,True,0.0
T103002,C133,51.23,8011,credit,0.025,False,0.025
T103003,C139,225.87,5812,credit,0.0,True,0.0
T103004,C148,70.94,5813,pix_credit,0.028,False,0.028
T103005,C142,42.34,5941,pix_debit,0.0,True,0.0
T103006,C138,99.14,4511,credit,0.03,False,0.03
T103007,C103,1253.33,7512,debit,0.025,False,0.025
T103008,C134,73.74000000000001,5812,voucher,0.03,False,0.03
T103009,C108,218.89,8299,voucher,0.03,False,0.0
T103010,C111,356.66,5411,credit,0.03,False,0.03
T103011,C120,21.67,4511,pix_credit,0.025,False,0.025
T103012,C127,82.73,4511,pix_debit,0.0,True,0.0
T103013,C110,118.1,5812,credit,0.025,False,0.025
T103014,C120,163.83,8299,pix_debit,0.025,False,0.0
T103015,C135,63.66,7512,debit,0.028,False,0.028
T103016,C147,226.87,8011,debit,0.03,False,0.03
T103017,C113,73.47,8011,credit,0.028,False,0.028
T103018,C137,794.58,8011,pix_debit,0.028,False,0.0
T103019,C107,38.42,5411,credit,0.0,True,0.0
T103020,C101,95.82,8011,credit,0.028,False,0.028
T103021,C100,69.63,4511,credit,0.03,False,0.03
T103022,C144,237.43,5941,debit,0.025,False,0.025
T103023,C147,44.56,5411,debit,0.03,False,0.03
T103024,C126,125.55,5813,credit,0.03,False,0.03
T103025,C148,349.65,7512,pix_credit,0.028,False,0.028
T103026,C113,84.94,8011,credit,0.028,False,0.028
T103027,C101,77.92,5813,pix_debit,0.028,False,0.0
T103028,C131,492.59,5812,debit,0.03,False,0.03
T103029,C116,229.42,7512,voucher,0.03,False,0.03
T103030,C143,142.39,5812,debit,0.028,False,0.028
T103031,C130,277.85,5411,credit,0.0,True,0.025
T103032,C113,258.95,5941,credit,0.028,False,0.028
T103033,C140,158.11,8299,credit,0.025,False,0.0
T103034,C145,130.37,5813,debit,0.028,False,0.028
T103035,C124,69.31,5941,pix_credit,0.03,False,0.03
T103036,C115,96.76,4511,debit,0.03,False,0.03
T103037,C137,44.46,5813,debit,0.028,False,0.028
T103038,C125,67.15,4511,voucher,0.025,False,0.025
T103039,C140,537.83,4511,credit,0.025,False,0.025
T103040,C130,451.81,8011,credit,0.0,True,0.025
T103041,C138,83.36,7512,debit,0.03,False,0.03
T103042,C140,297.26,5941,credit,0.025,False,0.025
T103043,C115,218.51,8299,debit,0.03,False,0.0
T103044,C122,236.22,8299,pix_debit,0.03,False,0.0
T103045,C105,38.11,5813,pix_debit,0.028,False,0.0
T103046,C144,1459.11,5411,debit,0.025,False,0.025
T103047,C131,494.16,5813,credit,0.03,False,0.03
T103048,C142,176.58,8011,debit,0.0,True,0.0
T103049,C109,565.26,8011,credit,0.028,False,0.028
T103050,C119,64.13,5411,credit,0.025,False,0.025
T103051,C113,179.45,5812,credit,0.028,False,0.028
T103052,C116,145.84,5941,debit,0.03,False,0.03
T103053,C149,462.83,8299,debit,0.028,False,0.0
T103054,C101,192.2,7512,credit,0.028,False,0.028
T103055,C122,38.31,5812,pix_credit,0.03,False,0.03
T103056,C149,63.31,7512,credit,0.028,False,0.028
T103057,C120,194.93,5812,credit,0.025,False,0.025
T103058,C143,398.39,8011,voucher,0.028,False,0.028
T103059,C100,217.59,5812,debit,0.03,False,0.03
T103060,C133,53.84,4511,credit,0.025,False,0.025
T103061,C147,427.03,4511,pix_debit,0.03,False,0.0
T103062,C138,93.75,5812,credit,0.03,False,0.03
T103063,C128,448.91,8011,debit,0.0,True,0.0
T103064,C141,47.6,8011,pix_credit,0.0,True,0.025
T103065,C149,316.17,4511,voucher,0.028,False,0.028
T103066,C126,797.28,4511,credit,0.03,False,0.03
T103067,C136,107.98,8299,debit,0.028,False,0.0
T103068,C116,383.67,7512,credit,0.03,False,0.03
T103069,C143,399.9,8299,debit,0.028,False,0.0
T103070,C149,59.2,4511,pix_debit,0.028,False,0.0
T103071,C137,57.16,5813,pix_debit,0.028,False,0.0
T103072,C111,359.21,4511,pix_debit,0.03,False,0.0
T103073,C107,357.37,8011,credit,0.0,True,0.0
T103074,C115,353.74,8299,debit,0.03,False,0.0
T103075,C104,329.02,5812,pix_debit,0.03,False,0.0
T103076,C119,211.64,8299,debit,0.025,False,0.0
T103077,C113,64.72,5812,credit,0.028,False,0.028
T103078,C144,243.41,5941,credit,0.025,False,0.025
T103079,C142,458.57,5813,voucher,0.0,True,0.0
T103080,C137,48.04,8011,credit,0.028,False,0.028
T103081,C122,129.23000000000002,5813,pix_debit,0.03,False,0.0
T103082,C149,262.17,5812,voucher,0.028,False,0.028
T103083,C138,53.49,8299,credit,0.03,False,0.0
T103084,C106,342.58,4511,credit,0.025,False,0.025
T103085,C115,166.69,7512,pix_debit,0.03,False,0.0
T103086,C109,37.15,7512,credit,0.028,False,0.028
T103087,C135,36.43,5411,credit,0.028,False,0.028
T103088,C109,1075.01,5941,voucher,0.028,False,0.028
T103089,C109,40.36,5813,pix_credit,0.028,False,0.028
T103090,C113,69.5,4511,debit,0.028,False,0.028
T103091,C132,135.49,8299,pix_debit,0.028,False,0.0
T103092,C141,156.29,5813,credit,0.0,True,0.025
T103093,C124,246.54,8299,debit,0.03,False,0.0
T103094,C115,361.64,8011,pix_debit,0.03,False,0.0
T103095,C144,647.96,5812,credit,0.025,False,0.025
T103096,C145,102.61,8299,credit,0.028,False,0.0
T103097,C131,61.93,5411,debit,0.03,False,0.03
T103098,C118,1639.61,5941,voucher,0.025,False,0.025
T103099,C130,47.31,5812,pix_credit,0.0,True,0.025
T103100,C102,1087.63,5411,credit,0.028,False,0.028
T103101,C107,28.53,5813,credit,0.0,True,0.0
T103102,C131,48.52,8011,debit,0.03,False,0.03
T103103,C120,108.9,7512,credit,0.025,False,0.025
T103104,C106,120.19,7512,debit,0.025,False,0.025
T103105,C125,77.11,8011,credit,0.025,False,0.025
T103106,C129,505.41,7512,credit,0.03,False,0.03
T103107,C147,72.36,4511,credit,0.03,False,0.03
T103108,C102,105.76,5812,pix_debit,0.028,False,0.0
T103109,C120,130.1,5411,pix_debit,0.025,False,0.0
T103110,C119,93.58,8299,debit,0.025,False,0.0
T103111,C130,274.77,4511,pix_debit,0.0,True,0.0
T103112,C134,128.9,5813,pix_debit,0.03,False,0.0
T103113,C123,96.97,4511,credit,0.025,False,0.025
T103114,C119,268.48,5941,credit,0.025,False,0.025
T103115,C136,107.06,5411,debit,0.028,False,0.028
T103116,C103,156.43,5812,voucher,0.025,False,0.025
T103117,C109,218.95,5941,debit,0.028,False,0.028
T103118,C135,103.83,5411,credit,0.028,False,0.028
T103119,C142,38.73,5813,pix_debit,0.0,True,0.0
T103120,C121,48.35,5813,pix_credit,0.03,False,0.03
T103121,C141,574.74,8299,debit,0.0,True,0.0
T103122,C141,148.49,8299,debit,0.0,True,0.0
T103123,C128,96.81,5812,debit,0.0,True,0.0
T103124,C117,257.1,8011,credit,0.0,True,0.0
T103125,C118,248.68,5813,pix_credit,0.025,False,0.025
T103126,C114,140.67,8299,debit,0.025,False,0.0
T103127,C136,126.33,7512,debit,0.028,False,0.028
T103128,C121,660.77,5411,credit,0.03,False,0.03
T103129,C146,315.11,5411,pix_debit,0.028,False,0.0
T103130,C123,31.17,5411,pix_credit,0.025,False,0.025
T103131,C143,52.49,7512,credit,0.028,False,0.028
T103132,C101,43.62,8299,debit,0.028,False,0.0
T103133,C133,379.54,8299,pix_debit,0.025,False,0.0
T103134,C105,30.98,4511,credit,0.028,False,0.028
T103135,C140,97.72,5813,pix_credit,0.025,False,0.025
T103136,C143,43.9,8011,credit,0.028,False,0.028
T103137,C118,96.06,5812,credit,0.025,False,0.025
T103138,C100,80.27,7512,debit,0.03,False,0.03
T103139,C127,238.84,8299,credit,0.0,True,0.0
T103140,C131,122.31,5941,debit,0.03,False,0.03
T103141,C139,104.6,8299,credit,0.0,True,0.0
T103142,C129,133.12,5813,credit,0.03,False,0.03
T103143,C118,126.61,5941,credit,0.025,False,0.025
T103144,C140,1590.43,8011,debit,0.025,False,0.025
T103145,C114,1217.78,8299,credit,0.025,False,0.0
T103146,C119,208.38,5813,credit,0.025,False,0.025
T103147,C146,40.43,8011,credit,0.028,False,0.028
T103148,C114,122.66,5941,debit,0.025,False,0.025
T103149,C123,42.01,4511,debit,0.025,False,0.025
T103150,C143,119.59,5812,voucher,0.028,False,0.028
T103151,C122,26.18,5411,credit,0.03,False,0.03
T103152,C143,489.48,4511,credit,0.028,False,0.028
T103153,C107,500.08,5813,credit,0.0,True,0.0
T103154,C138,212.1,8011,debit,0.03,False,0.03
T103155,C146,271.57,8299,pix_debit,0.028,False,0.0
T103156,C108,183.25,8299,debit,0.03,False,0.0
T103157,C121,1147.15,7512,credit,0.03,False,0.03
T103158,C144,137.76,5411,credit,0.025,False,0.025
T103159,C103,37.58,5411,debit,0.025,False,0.025
T103160,C106,506.05,5813,pix_debit,0.025,False,0.0
T103161,C117,42.8,8011,credit,0.0,True,0.0
T103162,C126,1050.07,5813,debit,0.03,False,0.03
T103163,C115,147.52,7512,pix_debit,0.03,False,0.0
T103164,C103,38.04,4511,debit,0.025,False,0.025
T103165,C126,181.18,8011,debit,0.03,False,0.03
T103166,C117,80.87,5812,credit,0.0,True,0.0
T103167,C139,51.64,5812,credit,0.0,True,0.0
T103168,C128,126.23,5941,credit,0.0,True,0.0
T103169,C117,959.65,5411,credit,0.0,True,0.0
T103170,C128,219.96,5411,credit,0.0,True,0.0
T103171,C137,114.23,5411,voucher,0.028,False,0.028
T103172,C138,121.52,5411,credit,0.03,False,0.03
T103173,C105,60.97,8011,credit,0.028,False,0.028
T103174,C149,184.78,5411,debit,0.028,False,0.028
T103175,C146,178.69,7512,voucher,0.028,False,0.028
T103176,C108,279.1,7512,debit,0.03,False,0.03
T103177,C136,458.68,5812,debit,0.028,False,0.028
T103178,C134,71.1,5411,debit,0.03,False,0.03
T103179,C120,84.55,5813,debit,0.025,False,0.025
T103180,C130,45.5,5941,debit,0.0,True,0.025
T103181,C122,302.49,5411,credit,0.03,False,0.03
T103182,C136,139.89,5941,credit,0.028,False,0.028
T103183,C127,268.55,5813,pix_credit,0.0,True,0.0
T103184,C115,567.9,4511,credit,0.03,False,0.03
T103185,C134,449.81,4511,debit,0.03,False,0.03
T103186,C132,58.25,8011,debit,0.028,False,0.028
T103187,C104,65.32,8011,pix_debit,0.03,False,0.0
T103188,C114,169.44,7512,pix_credit,0.025,False,0.025
T103189,C144,101.72,7512,credit,0.025,False,0.025
T103190,C149,207.39,7512,pix_credit,0.028,False,0.028
T103191,C118,98.02,8299,voucher,0.025,False,0.0
T103192,C138,42.32,4511,pix_debit,0.03,False,0.0
T103193,C118,64.0,5813,voucher,0.025,False,0.025
T103194,C113,472.18,5941,pix_credit,0.028,False,0.028
T103195,C130,65.14,5812,credit,0.0,True,0.025
T103196,C132,215.62,7512,pix_debit,0.028,False,0.0
T103197,C131,323.44,5812,credit,0.03,False,0.03
T103198,C105,55.23,8011,debit,0.028,False,0.028
T103199,C144,72.82,5411,pix_debit,0.025,False,0.0
T103200,C130,184.34,5941,pix_credit,0.0,True,0.025
T103201,C100,80.46,7512,debit,0.03,False,0.03
T103202,C107,242.89,5411,credit,0.0,True,0.0
T103203,C145,310.33,8011,credit,0.028,False,0.028
T103204,C131,233.69,7512,pix_credit,0.03,False,0.03
T103205,C136,233.09,7512,pix_debit,0.028,False,0.0
T103206,C116,160.91,8299,credit,0.03,False,0.0
T103207,C104,68.18,5411,credit,0.03,False,0.03
T103208,C100,667.42,5941,debit,0.03,False,0.03
T103209,C141,319.45,4511,debit,0.0,True,0.025
T103210,C135,129.55,8299,credit,0.028,False,0.0
T103211,C144,334.52,4511,credit,0.025,False,0.025
T103212,C128,127.06,8299,debit,0.0,True,0.0
T103213,C129,158.95,5813,debit,0.03,False,0.03
T103214,C120,219.77,5941,pix_debit,0.025,False,0.0
T103215,C146,588.67,7512,pix_credit,0.028,False,0.028
T103216,C142,176.08,5812,pix_debit,0.0,True,0.0
T103217,C135,416.96,5813,pix_debit,0.028,False,0.0
T103218,C106,304.63,4511,pix_credit,0.025,False,0.025
T103219,C112,93.11,5813,debit,0.03,False,0.03
T103220,C110,65.92,5411,debit,0.025,False,0.025
T103221,C130,162.62,8299,voucher,0.0,True,0.0
T103222,C147,180.08,5813,pix_credit,0.03,False,0.03
T103223,C110,392.25,5941,debit,0.025,False,0.025
T103224,C111,270.66,5813,credit,0.03,False,0.03
T103225,C107,152.78,4511,credit,0.0,True,0.0
T103226,C118,141.47,5411,voucher,0.025,False,0.025
T103227,C119,212.97,5813,pix_debit,0.025,False,0.0
T103228,C137,33.68,4511,debit,0.028,False,0.028
T103229,C101,274.53,4511,pix_credit,0.028,False,0.028
T103230,C146,264.16,5411,pix_credit,0.028,False,0.028
T103231,C107,455.77,8299,credit,0.0,True,0.0
T103232,C111,184.15,4511,credit,0.03,False,0.03
T103233,C134,284.3,8299,pix_credit,0.03,False,0.0
T103234,C104,1316.97,8299,debit,0.03,False,0.0
T103235,C143,42.87,8011,credit,0.028,False,0.028
T103236,C109,61.93,8011,debit,0.028,False,0.028
T103237,C122,695.12,7512,credit,0.03,False,0.03
T103238,C101,69.63,5813,credit,0.028,False,0.028
T103239,C115,149.97,5813,debit,0.03,False,0.03
T103240,C122,60.21,8299,credit,0.03,False,0.0
T103241,C134,133.98000000000002,5411,voucher,0.03,False,0.03
T103242,C141,97.32,5941,pix_debit,0.0,True,0.0
T103243,C110,185.2,5812,pix_debit,0.025,False,0.0
T103244,C116,78.13,5813,credit,0.03,False,0.03
T103245,C124,312.8,5812,pix_debit,0.03,False,0.0
T103246,C136,125.23,5411,credit,0.028,False,0.028
T103247,C147,178.74,5411,credit,0.03,False,0.03
T103248,C123,101.19,8299,pix_credit,0.025,False,0.0
T103249,C147,46.98,5411,pix_debit,0.03,False,0.0
T103250,C115,88.18,5411,debit,0.03,False,0.03
T103251,C130,210.46,5812,credit,0.0,True,0.025
T103252,C117,104.43,8011,pix_debit,0.0,True,0.0
T103253,C143,369.37,8011,credit,0.028,False,0.028
T103254,C109,74.61,5812,debit,0.028,False,0.028
T103255,C103,484.36,7512,credit,0.025,False,0.025
T103256,C145,83.9,5813,debit,0.028,False,0.028
T103257,C137,58.79,8011,pix_debit,0.028,False,0.0
T103258,C134,497.83,8011,pix_credit,0.03,False,0.03
T103259,C104,460.75,8299,debit,0.03,False,0.0
T103260,C114,119.71,7512,pix_credit,0.025,False,0.025
T103261,C100,381.66,5941,debit,0.03,False,0.03
T103262,C144,1101.64,5812,debit,0.025,False,0.025
T103263,C142,83.57,4511,credit,0.0,True,0.0
T103264,C107,219.91,4511,credit,0.0,True,0.0
T103265,C133,131.20999999999998,4511,credit,0.025,False,0.025
T103266,C142,94.6,5813,credit,0.0,True,0.0
T103267,C103,391.82,5812,debit,0.025,False,0.025
T103268,C140,673.97,7512,debit,0.025,False,0.025
T103269,C103,180.0,5812,debit,0.025,False,0.025
T103270,C105,59.63,8011,debit,0.028,False,0.028
T103271,C110,187.54,5812,credit,0.025,False,0.025
T103272,C112,119.86,5411,voucher,0.03,False,0.03
T103273,C138,260.13,5813,debit,0.03,False,0.03
T103274,C134,556.93,7512,pix_debit,0.03,False,0.0
T103275,C120,350.7,4511,voucher,0.025,False,0.025
T103276,C149,123.37,8299,debit,0.028,False,0.0
T103277,C134,222.13,5411,pix_debit,0.03,False,0.0
T103278,C149,54.67,8011,pix_credit,0.028,False,0.028
T103279,C136,134.19,5941,credit,0.028,False,0.028
T103280,C142,43.69,8011,debit,0.0,True,0.0
T103281,C118,117.97,5941,debit,0.025,False,0.025
T103282,C117,331.44,7512,credit,0.0,True,0.0
T103283,C102,136.9,8011,debit,0.028,False,0.028
T103284,C132,842.22,5941,debit,0.028,False,0.028
T103285,C124,330.14,4511,pix_debit,0.03,False,0.0
T103286,C140,414.94,4511,credit,0.025,False,0.025
T103287,C124,162.68,4511,pix_debit,0.03,False,0.0
T103288,C101,71.1,8299,credit,0.028,False,0.0
T103289,C131,92.16,4511,debit,0.03,False,0.03
T103290,C143,301.08,8299,credit,0.028,False,0.0
T103291,C125,408.69,5813,debit,0.025,False,0.025
T103292,C149,1051.79,8011,debit,0.028,False,0.028
T103293,C109,117.77,5813,pix_debit,0.028,False,0.0
T103294,C142,58.08,7512,credit,0.0,True,0.0
T103295,C110,277.55,8011,debit,0.025,False,0.025
T103296,C126,49.35,5941,credit,0.03,False,0.03
T103297,C115,224.38,8011,credit,0.03,False,0.03
T103298,C105,175.74,4511,pix_credit,0.028,False,0.028
T103299,C148,3010.55,5813,credit,0.028,False,0.028
T103300,C127,144.98,5941,pix_credit,0.0,True,0.0
T103301,C138,443.87,5812,voucher,0.03,False,0.03
T103302,C132,72.58,4511,pix_debit,0.028,False,0.0
T103303,C137,294.06,7512,debit,0.028,False,0.028
T103304,C142,728.63,8299,debit,0.0,True,0.0
T103305,C119,66.1,5411,credit,0.025,False,0.025
T103306,C134,345.22,8011,debit,0.03,False,0.03
T103307,C126,34.55,4511,debit,0.03,False,0.03
T103308,C134,44.76,5812,credit,0.03,False,0.03
T103309,C100,251.51,8011,debit,0.03,False,0.03
T103310,C135,83.17,4511,pix_debit,0.028,False,0.0
T103311,C136,43.6,5812,credit,0.028,False,0.028
T103312,C102,460.66,4511,credit,0.028,False,0.028
T103313,C101,1243.88,4511,pix_debit,0.028,False,0.0
T103314,C120,58.6,7512,pix_debit,0.025,False,0.0
T103315,C138,323.63,5411,debit,0.03,False,0.03
T103316,C131,80.98,5411,credit,0.03,False,0.03
T103317,C101,398.38,5411,pix_credit,0.028,False,0.028
T103318,C127,176.41,5941,credit,0.0,True,0.0
T103319,C104,213.6,7512,debit,0.03,False,0.03
T103320,C143,320.76,8011,credit,0.028,False,0.028
T103321,C147,40.15,5411,debit,0.03,False,0.03
T103322,C134,125.06,8299,credit,0.03,False,0.0
T103323,C102,109.95,4511,pix_debit,0.028,False,0.0
T103324,C109,136.4,4511,credit,0.028,False,0.028
T103325,C122,434.36,4511,debit,0.03,False,0.03
T103326,C108,71.66,5941,credit,0.03,False,0.03
T103327,C125,82.54,5813,debit,0.025,False,0.025
T103328,C106,56.53,4511,debit,0.025,False,0.025
T103329,C143,163.06,5813,debit,0.028,False,0.028
T103330,C105,60.54,5941,pix_credit,0.028,False,0.028
T103331,C122,25.24,7512,pix_debit,0.03,False,0.0
T103332,C110,129.13,8011,debit,0.025,False,0.025
T103333,C125,161.64,5941,credit,0.025,False,0.025
T103334,C128,351.57,4511,voucher,0.0,True,0.0
T103335,C130,380.38,5813,voucher,0.0,True,0.025
T103336,C106,158.05,5812,pix_credit,0.025,False,0.025
T103337,C145,155.5,5411,credit,0.028,False,0.028
T103338,C139,85.72,5812,credit,0.0,True,0.0
T103339,C130,22.07,5812,debit,0.0,True,0.025
T103340,C105,90.26,8011,pix_debit,0.028,False,0.0
T103341,C105,435.82,8299,debit,0.028,False,0.0
T103342,C149,241.75,7512,debit,0.028,False,0.028
T103343,C105,260.8,4511,credit,0.028,False,0.028
T103344,C124,589.96,7512,debit,0.03,False,0.03
T103345,C115,230.75,7512,credit,0.03,False,0.03
T103346,C139,136.51,7512,credit,0.0,True,0.0
T103347,C142,81.96,5411,credit,0.0,True,0.0
T103348,C105,373.77,8011,debit,0.028,False,0.028
T103349,C107,305.56,5941,credit,0.0,True,0.0
T103350,C126,58.36,4511,credit,0.03,False,0.03
T103351,C117,214.07,8299,pix_debit,0.0,True,0.0
T103352,C117,452.49,5941,pix_credit,0.0,True,0.0
T103353,C126,562.56,5411,debit,0.03,False,0.03
T103354,C115,199.47,5411,debit,0.03,False,0.03
T103355,C139,98.19,4511,pix_debit,0.0,True,0.0
T103356,C148,45.83,4511,voucher,0.028,False,0.028
T103357,C130,42.29,5941,debit,0.0,True,0.025
T103358,C125,394.3,4511,pix_credit,0.025,False,0.025
T103359,C137,21.45,5813,debit,0.028,False,0.028
T103360,C144,456.87,5941,pix_credit,0.025,False,0.025
T103361,C118,46.01,5411,credit,0.025,False,0.025
T103362,C144,1342.87,7512,credit,0.025,False,0.025
T103363,C104,196.12,4511,debit,0.03,False,0.03
T103364,C101,147.2,4511,credit,0.028,False,0.028
T103365,C140,120.19,8299,debit,0.025,False,0.0
T103366,C111,57.12,4511,pix_credit,0.03,False,0.03
T103367,C142,74.58,8011,credit,0.0,True,0.0
T103368,C119,226.65,5941,debit,0.025,False,0.025
T103369,C124,40.11,7512,voucher,0.03,False,0.03
T103370,C129,34.15,5411,credit,0.03,False,0.03
T103371,C100,128.99,7512,debit,0.03,False,0.03
T103372,C100,54.46,7512,credit,0.03,False,0.03
T103373,C126,1158.13,8299,credit,0.03,False,0.0
T103374,C136,464.11,5941,pix_credit,0.028,False,0.028
T103375,C141,265.42,8299,debit,0.0,True,0.0
T103376,C107,220.12,4511,credit,0.0,True,0.0
T103377,C147,42.43,5812,debit,0.03,False,0.03
T103378,C124,187.83,5941,debit,0.03,False,0.03
T103379,C140,266.16,8299,debit,0.025,False,0.0
T103380,C148,254.96,4511,credit,0.028,False,0.028
T103381,C105,341.47,8011,debit,0.028,False,0.028
T103382,C102,297.4,5941,credit,0.028,False,0.028
T103383,C102,209.26,4511,credit,0.028,False,0.028
T103384,C134,298.82,4511,credit,0.03,False,0.03
T103385,C114,61.04,8011,credit,0.025,False,0.025
T103386,C127,1017.03,8011,pix_credit,0.0,True,0.0
T103387,C138,175.14,8299,credit,0.03,False,0.0
T103388,C115,168.94,5941,voucher,0.03,False,0.03
T103389,C141,100.21,5411,credit,0.0,True,0.025
T103390,C119,125.21,8299,credit,0.025,False,0.0
T103391,C134,218.28,5411,credit,0.03,False,0.03
T103392,C119,110.77,4511,voucher,0.025,False,0.025
T103393,C146,244.72,5411,debit,0.028,False,0.028
T103394,C128,84.76,5941,pix_debit,0.0,True,0.0
T103395,C106,76.06,5411,credit,0.025,False,0.025
T103396,C133,426.17,7512,credit,0.025,False,0.025
T103397,C112,165.39,5812,credit,0.03,False,0.03
T103398,C140,34.77,8299,debit,0.025,False,0.0
T103399,C138,102.29,5813,pix_credit,0.03,False,0.03
T103400,C135,274.36,8299,credit,0.028,False,0.0
T103401,C115,164.15,7512,credit,0.03,False,0.03
T103402,C136,169.96,4511,credit,0.028,False,0.028
T103403,C133,48.92,5813,debit,0.025,False,0.025
T103404,C114,94.82,5941,debit,0.025,False,0.025
T103405,C146,284.94,8011,credit,0.028,False,0.028
T103406,C124,32.379999999999995,5941,credit,0.03,False,0.03
T103407,C106,250.94,4511,debit,0.025,False,0.025
T103408,C115,679.18,5411,credit,0.03,False,0.03
T103409,C131,59.56,8299,voucher,0.03,False,0.0
T103410,C102,274.41,8299,debit,0.028,False,0.0
T103411,C101,55.92,8011,credit,0.028,False,0.028
T103412,C132,65.50999999999999,8299,debit,0.028,False,0.0
T103413,C130,199.67,7512,pix_credit,0.0,True,0.025
T103414,C107,301.0,7512,pix_debit,0.0,True,0.0
T103415,C133,199.12,5941,pix_credit,0.025,False,0.025
T103416,C102,216.11,5812,pix_credit,0.028,False,0.028
T103417,C138,272.66,5813,pix_credit,0.03,False,0.03
T103418,C109,191.87,5941,credit,0.028,False,0.028
T103419,C145,500.74,5813,debit,0.028,False,0.028
T103420,C118,94.82,7512,pix_credit,0.025,False,0.025
T103421,C109,131.5,5813,pix_credit,0.028,False,0.028
T103422,C121,40.19,5411,pix_debit,0.03,False,0.0
T103423,C143,36.06,5813,credit,0.028,False,0.028
T103424,C120,59.53,7512,pix_credit,0.025,False,0.025
T103425,C127,1174.21,5411,debit,0.0,True,0.0
T103426,C117,968.95,5813,pix_debit,0.0,True,0.0
T103427,C102,569.39,7512,pix_debit,0.028,False,0.0
T103428,C119,36.67,8011,pix_debit,0.025,False,0.0
T103429,C100,462.35,5411,debit,0.03,False,0.03
T103430,C143,206.79,8011,credit,0.028,False,0.028
T103431,C119,65.63,5812,debit,0.025,False,0.025
T103432,C107,135.1,4511,credit,0.0,True,0.0
T103433,C112,123.36,5411,pix_debit,0.03,False,0.0
T103434,C129,73.47999999999999,7512,credit,0.03,False,0.03
T103435,C131,897.76,5941,debit,0.03,False,0.03
T103436,C138,29.37,5813,debit,0.03,False,0.03
T103437,C113,348.25,4511,debit,0.028,False,0.028
T103438,C120,36.96,5941,debit,0.025,False,0.025
T103439,C121,248.19,5411,debit,0.03,False,0.03
T103440,C140,289.28,4511,credit,0.025,False,0.025
T103441,C122,75.59,8011,pix_debit,0.03,False,0.0
T103442,C126,45.89,7512,debit,0.03,False,0.03
T103443,C120,1060.8,5812,debit,0.025,False,0.025
T103444,C100,92.75,8011,credit,0.03,False,0.03
T103445,C121,190.01,7512,credit,0.03,False,0.03
T103446,C118,67.4,5812,debit,0.025,False,0.025
T103447,C144,142.24,7512,credit,0.025,False,0.025
T103448,C127,102.93,4511,debit,0.0,True,0.0
T103449,C112,743.28,8299,credit,0.03,False,0.0
T103450,C104,92.73,5813,pix_credit,0.03,False,0.03
T103451,C135,210.15,8011,debit,0.028,False,0.028
T103452,C126,63.92,5941,pix_credit,0.03,False,0.03
T103453,C137,1080.03,5812,debit,0.028,False,0.028
T103454,C129,133.15,5812,credit,0.03,False,0.03
T103455,C115,350.31,5941,pix_debit,0.03,False,0.0
T103456,C108,174.45,8299,debit,0.03,False,0.0
T103457,C117,528.69,5812,credit,0.0,True,0.0
T103458,C125,74.64,5813,debit,0.025,False,0.025
T103459,C105,146.16,8299,pix_debit,0.028,False,0.0
T103460,C143,136.16,7512,pix_debit,0.028,False,0.0
T103461,C131,495.1,7512,debit,0.03,False,0.03
T103462,C137,93.66,4511,credit,0.028,False,0.028
T103463,C125,86.27,8299,voucher,0.025,False,0.0
T103464,C128,217.32,8299,debit,0.0,True,0.0
T103465,C137,40.4,5813,debit,0.028,False,0.028
T103466,C112,356.92,8011,voucher,0.03,False,0.03
T103467,C104,48.38,4511,pix_debit,0.03,False,0.0
T103468,C135,49.88,8299,credit,0.028,False,0.0
T103469,C140,228.34,4511,credit,0.025,False,0.025
T103470,C143,137.5,5941,pix_credit,0.028,False,0.028
T103471,C126,356.0,8299,debit,0.03,False,0.0
T103472,C140,325.27,8011,debit,0.025,False,0.025
T103473,C110,32.96,5941,debit,0.025,False,0.025
T103474,C132,118.32,5813,voucher,0.028,False,0.028
T103475,C124,135.31,5813,credit,0.03,False,0.03
T103476,C104,289.39,5813,credit,0.03,False,0.03
T103477,C145,80.6,7512,credit,0.028,False,0.028
T103478,C146,275.83,4511,debit,0.028,False,0.028
T103479,C138,71.84,5941,credit,0.03,False,0.03
T103480,C142,203.53,5941,credit,0.0,True,0.0
T103481,C147,84.28,5411,credit,0.03,False,0.03
T103482,C121,59.36,7512,credit,0.03,False,0.03
T103483,C104,1194.7,5813,credit,0.03,False,0.03
T103484,C115,94.51,5941,debit,0.03,False,0.03
T103485,C106,658.61,5411,credit,0.025,False,0.025
T103486,C128,442.05,8011,credit,0.0,True,0.0
T103487,C141,231.59,5813,credit,0.0,True,0.025
T103488,C139,47.14,5812,debit,0.0,True,0.0
T103489,C145,109.49,8299,credit,0.028,False,0.0
T103490,C106,125.64,5813,pix_credit,0.025,False,0.025
T103491,C103,105.64,4511,credit,0.025,False,0.025
T103492,C133,527.94,4511,credit,0.025,False,0.025
T103493,C107,233.33,5812,debit,0.0,True,0.0
T103494,C108,33.64,8011,credit,0.03,False,0.03
T103495,C115,22.62,5411,credit,0.03,False,0.03
T103496,C141,532.99,4511,voucher,0.0,True,0.025
T103497,C126,250.49,7512,credit,0.03,False,0.03
T103498,C105,151.86,5812,pix_debit,0.028,False,0.0
T103499,C133,27.88,7512,credit,0.025,False,0.025
T103500,C115,43.25,5813,debit,0.03,False,0.03
T103501,C110,82.91,4511,credit,0.025,False,0.025
T103502,C114,59.9,5941,pix_debit,0.025,False,0.0
T103503,C128,663.03,8299,debit,0.0,True,0.0
T103504,C116,86.7,8011,credit,0.03,False,0.03
T103505,C127,58.63,8011,credit,0.0,True,0.0
T103506,C110,380.28,5941,debit,0.025,False,0.025
T103507,C134,121.95,5941,pix_credit,0.03,False,0.03
T103508,C122,274.9,5941,credit,0.03,False,0.03
T103509,C144,1151.39,5812,pix_debit,0.025,False,0.0
T103510,C147,391.74,7512,pix_debit,0.03,False,0.0
T103511,C122,88.32,8299,credit,0.03,False,0.0
T103512,C108,215.97,7512,pix_credit,0.03,False,0.03
T103513,C119,63.97,5411,pix_debit,0.025,False,0.0
T103514,C119,323.79,7512,debit,0.025,False,0.025
T103515,C145,149.25,5813,credit,0.028,False,0.028
T103516,C144,87.94,5812,credit,0.025,False,0.025
T103517,C120,167.17,8011,credit,0.025,False,0.025
T103518,C125,86.08,5941,debit,0.025,False,0.025
T103519,C144,86.27,7512,credit,0.025,False,0.025
T103520,C110,553.75,8299,credit,0.025,False,0.0
T103521,C148,174.17,5411,credit,0.028,False,0.028
T103522,C130,58.65,8011,debit,0.0,True,0.025
T103523,C136,146.41,8011,pix_debit,0.028,False,0.0
T103524,C119,347.35,7512,credit,0.025,False,0.025
T103525,C125,245.08,5812,debit,0.025,False,0.025
T103526,C104,68.21000000000001,7512,debit,0.03,False,0.03
T103527,C144,274.83,8299,pix_credit,0.025,False,0.0
T103528,C134,143.04,5411,credit,0.03,False,0.03
T103529,C115,21.69,8299,debit,0.03,False,0.0
T103530,C100,202.11,8299,credit,0.03,False,0.0
T103531,C128,145.33,8011,pix_credit,0.0,True,0.0
T103532,C111,28.88,5812,credit,0.03,False,0.03
T103533,C114,95.96,8011,debit,0.025,False,0.025
T103534,C118,329.4,5411,debit,0.025,False,0.025
T103535,C122,491.9,5812,pix_debit,0.03,False,0.0
T103536,C111,97.1,5941,credit,0.03,False,0.03
T103537,C146,147.09,7512,voucher,0.028,False,0.028
T103538,C101,54.53,8299,debit,0.028,False,0.0
T103539,C109,230.05,5411,credit,0.028,False,0.028
T103540,C130,122.62,5411,credit,0.0,True,0.025
T103541,C119,100.63,5812,credit,0.025,False,0.025
T103542,C123,122.74,5812,debit,0.025,False,0.025
T103543,C145,362.75,8011,debit,0.028,False,0.028
T103544,C126,28.88,5941,pix_debit,0.03,False,0.0
T103545,C100,52.79,4511,debit,0.03,False,0.03
T103546,C128,80.6,5812,credit,0.0,True,0.0
T103547,C118,335.28,8011,pix_credit,0.025,False,0.025
T103548,C132,931.49,8299,debit,0.028,False,0.0
T103549,C125,123.87,8011,debit,0.025,False,0.025
T103550,C130,592.38,5411,credit,0.0,True,0.025
T103551,C105,292.19,8011,pix_credit,0.028,False,0.028
T103552,C129,49.25,5411,credit,0.03,False,0.03
T103553,C106,165.13,5812,voucher,0.025,False,0.025
T103554,C109,267.76,8011,voucher,0.028,False,0.028
T103555,C142,236.41,7512,credit,0.0,True,0.0
T103556,C125,291.29,7512,debit,0.025,False,0.025
T103557,C127,31.74,5941,credit,0.0,True,0.0
T103558,C145,298.87,8011,voucher,0.028,False,0.028
T103559,C114,114.02,4511,credit,0.025,False,0.025
T103560,C135,318.77,8299,pix_credit,0.028,False,0.0
T103561,C137,92.16,7512,debit,0.028,False,0.028
T103562,C112,132.37,8011,credit,0.03,False,0.03
T103563,C110,50.84,5411,pix_debit,0.025,False,0.0
T103564,C121,182.07,5411,credit,0.03,False,0.03
T103565,C134,639.36,4511,voucher,0.03,False,0.03
T103566,C118,408.47,8299,pix_debit,0.025,False,0.0
T103567,C113,84.37,8011,credit,0.028,False,0.028
T103568,C119,391.81,5813,debit,0.025,False,0.025
T103569,C137,73.72999999999999,5812,debit,0.028,False,0.028
T103570,C124,172.37,5941,credit,0.03,False,0.03
T103571,C131,259.81,4511,pix_debit,0.03,False,0.0
T103572,C135,476.72,5411,debit,0.028,False,0.028
T103573,C117,1715.28,5813,debit,0.0,True,0.0
T103574,C106,1129.8,7512,credit,0.025,False,0.025
T103575,C131,93.3,7512,credit,0.03,False,0.03
T103576,C145,397.42,7512,credit,0.028,False,0.028
T103577,C134,55.55,8299,debit,0.03,False,0.0
T103578,C121,704.57,5411,debit,0.03,False,0.03
T103579,C146,185.9,5941,debit,0.028,False,0.028
T103580,C122,87.92,5411,credit,0.03,False,0.03
T103581,C113,577.82,4511,pix_credit,0.028,False,0.028
T103582,C132,90.82,8011,credit,0.028,False,0.028
T103583,C100,36.38,5941,debit,0.03,False,0.03
T103584,C146,61.79,8011,debit,0.028,False,0.028
T103585,C141,132.37,7512,debit,0.0,True,0.025
T103586,C118,318.27,8299,credit,0.025,False,0.0
T103587,C116,18.4,5941,pix_credit,0.03,False,0.03
T103588,C134,406.83,5941,pix_credit,0.03,False,0.03
T103589,C108,394.18,5812,credit,0.03,False,0.03
T103590,C108,60.51,8299,pix_debit,0.03,False,0.0
T103591,C135,98.92,4511,debit,0.028,False,0.028
T103592,C105,65.03,5812,pix_debit,0.028,False,0.0
T103593,C121,59.29,8011,credit,0.03,False,0.03
T103594,C137,78.05,5411,pix_debit,0.028,False,0.0
T103595,C101,124.92,4511,voucher,0.028,False,0.028
T103596,C143,155.15,8011,pix_credit,0.028,False,0.028
T103597,C118,79.92,5812,pix_debit,0.025,False,0.0
T103598,C149,66.66,5411,credit,0.028,False,0.028
T103599,C114,188.42,4511,credit,0.025,False,0.025
T103600,C123,836.48,5941,pix_debit,0.025,False,0.0
T103601,C108,137.4,4511,pix_credit,0.03,False,0.03
T103602,C109,50.02,5812,debit,0.028,False,0.028
T103603,C116,4940.54,4511,debit,0.03,False,0.03
T103604,C134,31.57,5941,credit,0.03,False,0.03
T103605,C110,206.94,4511,pix_credit,0.025,False,0.025
T103606,C132,79.0,8011,credit,0.028,False,0.028
T103607,C105,145.35,8299,debit,0.028,False,0.0
T103608,C108,47.14,5941,pix_credit,0.03,False,0.03
T103609,C107,302.75,8299,credit,0.0,True,0.0
T103610,C129,139.27,5813,pix_credit,0.03,False,0.03
T103611,C141,681.73,5411,credit,0.0,True,0.025
T103612,C113,87.77,8299,debit,0.028,False,0.0
T103613,C117,62.38,4511,credit,0.0,True,0.0
T103614,C137,130.0,7512,debit,0.028,False,0.028
T103615,C121,206.82,7512,pix_debit,0.03,False,0.0
T103616,C141,109.26,5411,pix_debit,0.0,True,0.0
T103617,C120,276.71,5812,pix_debit,0.025,False,0.0
T103618,C132,216.1,5812,credit,0.028,False,0.028
T103619,C110,209.19,5941,credit,0.025,False,0.025
T103620,C143,266.44,5941,credit,0.028,False,0.028
T103621,C126,206.59,8011,pix_debit,0.03,False,0.0
T103622,C125,579.58,5812,credit,0.025,False,0.025
T103623,C129,200.1,5812,credit,0.03,False,0.03
T103624,C134,230.16,8011,debit,0.03,False,0.03
T103625,C128,50.53,5813,debit,0.0,True,0.0
T103626,C141,1145.29,8299,debit,0.0,True,0.0
T103627,C149,495.1,8011,debit,0.028,False,0.028
T103628,C106,95.99,7512,credit,0.025,False,0.025
T103629,C131,172.07,5812,voucher,0.03,False,0.03
T103630,C138,702.21,8299,pix_credit,0.03,False,0.0
T103631,C128,177.19,5941,credit,0.0,True,0.0
T103632,C107,104.53,5813,credit,0.0,True,0.0
T103633,C128,52.51,5411,credit,0.0,True,0.0
T103634,C129,70.53,4511,debit,0.03,False,0.03
T103635,C140,60.85,5411,credit,0.025,False,0.025
T103636,C133,283.15,4511,credit,0.025,False,0.025
T103637,C117,326.36,5812,credit,0.0,True,0.0
T103638,C118,78.93,7512,debit,0.025,False,0.025
T103639,C110,99.73,5812,debit,0.025,False,0.025
T103640,C110,434.32,4511,debit,0.025,False,0.025
T103641,C119,206.99,5411,pix_debit,0.025,False,0.0
T103642,C136,77.16,8299,credit,0.028,False,0.0
T103643,C116,504.2,8011,debit,0.03,False,0.03
T103644,C138,564.03,8299,pix_debit,0.03,False,0.0
T103645,C141,36.25,5812,debit,0.0,True,0.025
T103646,C143,50.03,5411,debit,0.028,False,0.028
T103647,C137,267.83,5813,credit,0.028,False,0.028
T103648,C134,123.43,5411,credit,0.03,False,0.03
T103649,C105,485.39,5812,voucher,0.028,False,0.028
T103650,C101,155.45,8299,credit,0.028,False,0.0
T103651,C140,66.08,5411,credit,0.025,False,0.025
T103652,C102,116.66,8299,debit,0.028,False,0.0
T103653,C137,23.52,8011,credit,0.028,False,0.028
T103654,C135,195.17,4511,debit,0.028,False,0.028
T103655,C108,92.12,8011,debit,0.03,False,0.03
T103656,C113,230.59,5941,credit,0.028,False,0.028
T103657,C107,115.96,7512,credit,0.0,True,0.0
T103658,C140,1357.15,5941,debit,0.025,False,0.025
T103659,C102,961.75,5813,debit,0.028,False,0.028
T103660,C120,106.39,7512,debit,0.025,False,0.025
T103661,C127,119.93,7512,debit,0.0,True,0.0
T103662,C102,43.76,5411,credit,0.028,False,0.028
T103663,C107,1524.97,4511,debit,0.0,True,0.0
T103664,C145,141.12,8299,credit,0.028,False,0.0
T103665,C140,125.45,7512,voucher,0.025,False,0.025
T103666,C107,186.89,8011,pix_credit,0.0,True,0.0
T103667,C139,449.29,5812,credit,0.0,True,0.0
T103668,C132,404.73,5812,credit,0.028,False,0.028
T103669,C102,215.04,5812,credit,0.028,False,0.028
T103670,C128,233.16,5941,credit,0.0,True,0.0
T103671,C125,32.84,7512,credit,0.025,False,0.025
T103672,C100,94.93,5411,debit,0.03,False,0.03
T103673,C134,60.81,7512,debit,0.03,False,0.03
T103674,C140,403.16,5812,credit,0.025,False,0.025
T103675,C101,98.91,5813,pix_debit,0.028,False,0.0
T103676,C126,288.52,8299,pix_debit,0.03,False,0.0
T103677,C114,228.93,5812,credit,0.025,False,0.025
T103678,C149,358.66,8011,debit,0.028,False,0.028
T103679,C117,503.22,8299,debit,0.0,True,0.0
T103680,C113,42.76,5411,credit,0.028,False,0.028
T103681,C111,242.89,8299,debit,0.03,False,0.0
T103682,C124,393.89,7512,debit,0.03,False,0.03
T103683,C135,460.95,5411,credit,0.028,False,0.028
T103684,C123,475.16,5941,debit,0.025,False,0.025
T103685,C149,925.62,5812,credit,0.028,False,0.028
T103686,C134,326.18,5941,debit,0.03,False,0.03
T103687,C102,38.71,4511,pix_credit,0.028,False,0.028
T103688,C119,383.91,5411,credit,0.025,False,0.025
T103689,C139,168.31,5813,credit,0.0,True,0.0
T103690,C123,191.9,5812,pix_credit,0.025,False,0.025
T103691,C120,98.43,5941,voucher,0.025,False,0.025
T103692,C131,57.51,5411,credit,0.03,False,0.03
T103693,C118,63.98,5941,pix_debit,0.025,False,0.0
T103694,C132,100.38,8011,debit,0.028,False,0.028
T103695,C112,140.93,7512,debit,0.03,False,0.03
T103696,C121,45.44,8011,debit,0.03,False,0.03
T103697,C135,131.86,8011,credit,0.028,False,0.028
T103698,C129,38.32,5812,credit,0.03,False,0.03
T103699,C135,33.92,5411,debit,0.028,False,0.028
T103700,C142,96.69,4511,credit,0.0,True,0.0
T103701,C122,428.29,5411,pix_debit,0.03,False,0.0
T103702,C104,40.07,4511,credit,0.03,False,0.03
T103703,C137,172.36,5812,debit,0.028,False,0.028
T103704,C122,784.51,5941,credit,0.03,False,0.03
T103705,C107,141.36,7512,debit,0.0,True,0.0
T103706,C125,27.83,7512,credit,0.025,False,0.025
T103707,C132,756.06,4511,pix_credit,0.028,False,0.028
T103708,C135,139.42,7512,debit,0.028,False,0.028
T103709,C128,72.6,4511,credit,0.0,True,0.0
T103710,C122,301.05,8011,debit,0.03,False,0.03
T103711,C101,448.88,8299,debit,0.028,False,0.0
T103712,C145,141.26,8299,credit,0.028,False,0.0
T103713,C137,234.54,5812,credit,0.028,False,0.028
T103714,C115,884.1,5813,credit,0.03,False,0.03
T103715,C146,217.95,5813,credit,0.028,False,0.028
T103716,C140,126.16,4511,debit,0.025,False,0.025
T103717,C120,119.03,7512,credit,0.025,False,0.025
T103718,C115,53.98,5813,voucher,0.03,False,0.03
T103719,C101,32.35,7512,credit,0.028,False,0.028
T103720,C107,204.98,4511,credit,0.0,True,0.0
T103721,C133,43.14,5812,credit,0.025,False,0.025
T103722,C138,24.91,7512,pix_debit,0.03,False,0.0
T103723,C116,102.09,8299,credit,0.03,False,0.0
T103724,C102,31.87,7512,debit,0.028,False,0.028
T103725,C142,199.48,5813,pix_credit,0.0,True,0.0
T103726,C118,131.51,5411,debit,0.025,False,0.025
T103727,C126,114.61,5812,pix_debit,0.03,False,0.0
T103728,C131,47.83,8299,credit,0.03,False,0.0
T103729,C130,60.71,5812,credit,0.0,True,0.025
T103730,C146,171.12,7512,pix_credit,0.028,False,0.028
T103731,C117,305.47,5812,pix_credit,0.0,True,0.0
T103732,C138,313.09,4511,debit,0.03,False,0.03
T103733,C120,45.56,5812,credit,0.025,False,0.025
T103734,C135,171.19,5941,debit,0.028,False,0.028
T103735,C136,39.86,8011,pix_credit,0.028,False,0.028
T103736,C133,1001.5,8299,pix_debit,0.025,False,0.0
T103737,C117,34.47,5813,debit,0.0,True,0.0
T103738,C119,779.67,4511,debit,0.025,False,0.025
T103739,C130,28.19,5813,debit,0.0,True,0.025
T103740,C145,190.57,5941,pix_debit,0.028,False,0.0
T103741,C109,101.45,5812,pix_credit,0.028,False,0.028
T103742,C119,71.35,5941,credit,0.025,False,0.025
T103743,C113,322.39,5411,pix_debit,0.028,False,0.0
T103744,C144,216.31,7512,pix_credit,0.025,False,0.025
T103745,C103,71.07,8299,debit,0.025,False,0.0
T103746,C123,209.23,4511,debit,0.025,False,0.025
T103747,C117,117.82,5812,credit,0.0,True,0.0
T103748,C111,158.43,4511,credit,0.03,False,0.03
T103749,C130,119.51,7512,credit,0.0,True,0.025
T103750,C127,156.4,5812,pix_debit,0.0,True,0.0
T103751,C114,62.26,5941,credit,0.025,False,0.025
T103752,C126,599.18,8299,debit,0.03,False,0.0
T103753,C115,186.19,5411,credit,0.03,False,0.03
T103754,C141,583.35,4511,voucher,0.0,True,0.025
T103755,C116,244.41,8011,pix_debit,0.03,False,0.0
T103756,C101,104.63,5411,debit,0.028,False,0.028
T103757,C104,308.25,8299,debit,0.03,False,0.0
T103758,C115,137.8,5813,credit,0.03,False,0.03
T103759,C144,180.1,5941,pix_debit,0.025,False,0.0
T103760,C116,253.77,5813,credit,0.03,False,0.03
T103761,C114,406.37,5941,pix_debit,0.025,False,0.0
T103762,C132,431.92,8011,credit,0.028,False,0.028
T103763,C115,443.13,5941,pix_debit,0.03,False,0.0
T103764,C127,157.49,5813,credit,0.0,True,0.0
T103765,C146,34.68,5941,debit,0.028,False,0.028
T103766,C118,109.13,8299,pix_credit,0.025,False,0.0
T103767,C136,209.5,5411,pix_credit,0.028,False,0.028
T103768,C119,322.5,5941,voucher,0.025,False,0.025
T103769,C124,190.62,8011,credit,0.03,False,0.03
T103770,C139,174.44,5411,credit,0.0,True,0.0
T103771,C123,56.75,7512,pix_credit,0.025,False,0.025
T103772,C103,62.64,4511,debit,0.025,False,0.025
T103773,C139,137.13,7512,debit,0.0,True,0.0
T103774,C146,320.33,4511,credit,0.028,False,0.028
T103775,C124,320.75,5941,credit,0.03,False,0.03
T103776,C121,221.14,8299,pix_debit,0.03,False,0.0
T103777,C115,111.35,5812,pix_debit,0.03,False,0.0
T103778,C132,257.97,4511,credit,0.028,False,0.028
T103779,C146,244.75,8299,credit,0.028,False,0.0
T103780,C127,275.71,5812,pix_credit,0.0,True,0.0
T103781,C106,498.08,4511,pix_debit,0.025,False,0.0
T103782,C136,162.87,5411,debit,0.028,False,0.028
T103783,C129,200.04,7512,debit,0.03,False,0.03
T103784,C113,128.01999999999998,5812,pix_debit,0.028,False,0.0
T103785,C119,697.55,5813,credit,0.025,False,0.025
T103786,C100,163.1,8011,voucher,0.03,False,0.03
T103787,C121,78.27,5813,voucher,0.03,False,0.03
T103788,C113,151.55,4511,credit,0.028,False,0.028
T103789,C124,186.09,5411,debit,0.03,False,0.03
T103790,C146,494.22,5941,pix_debit,0.028,False,0.0
T103791,C104,142.47,5812,pix_credit,0.03,False,0.03
T103792,C139,142.45,5411,credit,0.0,True,0.0
T103793,C142,159.47,5813,credit,0.0,True,0.0
T103794,C107,499.35,8011,credit,0.0,True,0.0
T103795,C101,91.55,5812,credit,0.028,False,0.028
T103796,C124,258.8,5813,credit,0.03,False,0.03
T103797,C125,606.24,8011,pix_debit,0.025,False,0.0
T103798,C145,221.52,8299,credit,0.028,False,0.0
T103799,C128,52.59,4511,credit,0.0,True,0.0
T103800,C135,193.53,5411,voucher,0.028,False,0.028
T103801,C104,343.23,5812,debit,0.03,False,0.03
T103802,C130,61.27,4511,credit,0.0,True,0.025
T103803,C123,49.41,7512,pix_credit,0.025,False,0.025
T103804,C120,48.66,5812,debit,0.025,False,0.025
T103805,C135,167.5,7512,debit,0.028,False,0.028
T103806,C133,80.18,5813,debit,0.025,False,0.025
T103807,C115,317.61,5411,debit,0.03,False,0.03
T103808,C127,428.03,4511,debit,0.0,True,0.0
T103809,C125,132.91,8011,credit,0.025,False,0.025
T103810,C101,490.08,5813,credit,0.028,False,0.028
T103811,C128,223.07,5813,pix_credit,0.0,True,0.0
T103812,C101,204.58,7512,credit,0.028,False,0.028
T103813,C144,328.11,4511,credit,0.025,False,0.025
T103814,C122,147.71,8011,debit,0.03,False,0.03
T103815,C136,87.28,8011,debit,0.028,False,0.028
T103816,C134,2131.0,5812,credit,0.03,False,0.03
T103817,C128,148.82,5941,debit,0.0,True,0.0
T103818,C140,542.56,5941,pix_debit,0.025,False,0.0
T103819,C127,150.8,8299,debit,0.0,True,0.0
T103820,C132,171.21,8299,credit,0.028,False,0.0
T103821,C112,183.38,5411,credit,0.03,False,0.03
T103822,C149,71.46000000000001,4511,debit,0.028,False,0.028
T103823,C136,61.45,5812,credit,0.028,False,0.028
T103824,C131,291.07,8299,pix_debit,0.03,False,0.0
T103825,C104,107.84,7512,debit,0.03,False,0.03
T103826,C136,92.67,8011,credit,0.028,False,0.028
T103827,C129,97.01,5813,credit,0.03,False,0.03
T103828,C104,91.52,7512,credit,0.03,False,0.03
T103829,C119,126.89,8299,credit,0.025,False,0.0
T103830,C110,227.0,7512,debit,0.025,False,0.025
T103831,C142,260.73,5411,credit,0.0,True,0.0
T103832,C144,68.00999999999999,8299,credit,0.025,False,0.0
T103833,C102,160.8,5941,pix_debit,0.028,False,0.0
T103834,C105,68.57,8299,debit,0.028,False,0.0
T103835,C126,294.49,4511,pix_debit,0.03,False,0.0
T103836,C110,221.48,8011,pix_debit,0.025,False,0.0
T103837,C136,242.51,8011,debit,0.028,False,0.028
T103838,C117,188.85,7512,pix_debit,0.0,True,0.0
T103839,C149,494.24,4511,credit,0.028,False,0.028
T103840,C125,458.17,5813,credit,0.025,False,0.025
T103841,C139,209.68,8011,credit,0.0,True,0.0
T103842,C113,143.26,7512,voucher,0.028,False,0.028
T103843,C140,136.22,5812,debit,0.025,False,0.025
T103844,C109,105.63,7512,pix_debit,0.028,False,0.0
T103845,C119,119.58,5812,pix_debit,0.025,False,0.0
T103846,C139,102.46,5812,pix_debit,0.0,True,0.0
T103847,C134,87.97,5812,debit,0.03,False,0.03
T103848,C123,55.6,8011,pix_credit,0.025,False,0.025
T103849,C107,174.06,5411,credit,0.0,True,0.0
T103850,C139,247.67,5941,credit,0.0,True,0.0
T103851,C142,100.01,7512,debit,0.0,True,0.0
T103852,C115,290.24,5813,debit,0.03,False,0.03
T103853,C140,829.22,5411,credit,0.025,False,0.025
T103854,C118,73.14,5411,debit,0.025,False,0.025
T103855,C103,53.23,5813,pix_credit,0.025,False,0.025
T103856,C114,126.0,8011,credit,0.025,False,0.025
T103857,C113,53.98,8011,debit,0.028,False,0.028
T103858,C138,311.84,4511,credit,0.03,False,0.03
T103859,C132,79.74,5813,credit,0.028,False,0.028
T103860,C101,167.41,5812,credit,0.028,False,0.028
T103861,C125,340.47,5411,debit,0.025,False,0.025
T103862,C135,310.76,8299,credit,0.028,False,0.0
T103863,C105,54.71,5411,credit,0.028,False,0.028
T103864,C145,196.88,5411,debit,0.028,False,0.028
T103865,C135,542.6,8011,credit,0.028,False,0.028
T103866,C107,565.59,5941,credit,0.0,True,0.0
T103867,C129,37.73,8299,debit,0.03,False,0.0
T103868,C118,224.1,5941,pix_debit,0.025,False,0.0
T103869,C107,672.82,8299,debit,0.0,True,0.0
T103870,C145,294.29,5941,pix_debit,0.028,False,0.0
T103871,C149,94.84,7512,credit,0.028,False,0.028
T103872,C104,129.12,4511,voucher,0.03,False,0.03
T103873,C140,186.53,5941,credit,0.025,False,0.025
T103874,C119,296.5,5411,voucher,0.025,False,0.025
T103875,C117,430.79,5411,credit,0.0,True,0.0
T103876,C124,482.15,8299,credit,0.03,False,0.0
T103877,C125,105.72,5812,credit,0.025,False,0.025
T103878,C123,158.76,4511,credit,0.025,False,0.025
T103879,C126,769.96,8011,credit,0.03,False,0.03
T103880,C118,81.18,5411,pix_credit,0.025,False,0.025
T103881,C122,44.03,4511,pix_debit,0.03,False,0.0
T103882,C117,169.47,5813,credit,0.0,True,0.0
T103883,C125,176.71,8299,voucher,0.025,False,0.0
T103884,C141,113.99,8011,credit,0.0,True,0.025
T103885,C136,87.44,5813,debit,0.028,False,0.028
T103886,C121,115.56,5813,credit,0.03,False,0.03
T103887,C104,404.54,5812,pix_debit,0.03,False,0.0
T103888,C137,87.61,5411,credit,0.028,False,0.028
T103889,C100,147.65,5411,pix_credit,0.03,False,0.03
T103890,C147,451.48,7512,credit,0.03,False,0.03
T103891,C109,118.62,8011,credit,0.028,False,0.028
T103892,C132,529.31,5941,credit,0.028,False,0.028
T103893,C112,83.6,5813,pix_debit,0.03,False,0.0
T103894,C110,136.94,8299,pix_debit,0.025,False,0.0
T103895,C125,86.21,8011,pix_debit,0.025,False,0.0
T103896,C133,18.34,8299,voucher,0.025,False,0.0
T103897,C128,187.72,8011,debit,0.0,True,0.0
T103898,C124,119.75,5941,debit,0.03,False,0.03
T103899,C144,51.76,8299,credit,0.025,False,0.0
T103900,C129,247.05,5813,credit,0.03,False,0.03
T103901,C123,1252.94,5812,pix_debit,0.025,False,0.0
T103902,C116,106.83,5812,voucher,0.03,False,0.03
T103903,C135,309.28,8299,credit,0.028,False,0.0
T103904,C106,427.69,5411,debit,0.025,False,0.025
T103905,C130,138.57,8011,credit,0.0,True,0.025
T103906,C119,120.96,8299,debit,0.025,False,0.0
T103907,C130,200.5,5941,voucher,0.0,True,0.025
T103908,C122,167.64,8011,pix_debit,0.03,False,0.0
T103909,C106,61.36,5812,credit,0.025,False,0.025
T103910,C139,89.04,5411,pix_credit,0.0,True,0.0
T103911,C117,367.27,8299,credit,0.0,True,0.0
T103912,C102,218.22,7512,pix_debit,0.028,False,0.0
T103913,C145,183.83,5812,credit,0.028,False,0.028
T103914,C112,79.51,5411,pix_credit,0.03,False,0.03
T103915,C135,200.69,5411,credit,0.028,False,0.028
T103916,C127,30.75,5812,pix_debit,0.0,True,0.0
T103917,C132,34.86,5812,debit,0.028,False,0.028
T103918,C100,312.51,7512,voucher,0.03,False,0.03
T103919,C123,255.14,4511,debit,0.025,False,0.025
T103920,C127,144.85,5813,pix_debit,0.0,True,0.0
T103921,C136,114.92,5411,debit,0.028,False,0.028
T103922,C142,58.64,5812,debit,0.0,True,0.0
T103923,C128,58.5,5813,pix_debit,0.0,True,0.0
T103924,C103,242.87,5813,debit,0.025,False,0.025
T103925,C116,382.59,8299,credit,0.03,False,0.0
T103926,C133,70.58,5812,credit,0.025,False,0.025
T103927,C123,173.59,4511,voucher,0.025,False,0.025
T103928,C104,137.45,8299,pix_credit,0.03,False,0.0
T103929,C105,203.25,5411,debit,0.028,False,0.028
T103930,C144,35.4,8011,pix_credit,0.025,False,0.025
T103931,C125,24.83,5812,credit,0.025,False,0.025
T103932,C129,520.1,8011,pix_debit,0.03,False,0.0
T103933,C101,99.31,5941,credit,0.028,False,0.028
T103934,C147,175.75,5812,credit,0.03,False,0.03
T103935,C147,44.15,7512,debit,0.03,False,0.03
T103936,C102,257.13,7512,credit,0.028,False,0.028
T103937,C140,186.2,7512,debit,0.025,False,0.025
T103938,C142,1583.43,8299,credit,0.0,True,0.0
T103939,C120,406.74,5813,debit,0.025,False,0.025
T103940,C147,303.08,5941,pix_debit,0.03,False,0.0
T103941,C109,130.73000000000002,5812,debit,0.028,False,0.028
T103942,C113,134.82,5812,debit,0.028,False,0.028
T103943,C102,218.33,4511,voucher,0.028,False,0.028
T103944,C115,90.3,7512,credit,0.03,False,0.03
T103945,C136,72.28999999999999,5812,debit,0.028,False,0.028
T103946,C113,363.22,8299,credit,0.028,False,0.0
T103947,C126,471.63,5941,debit,0.03,False,0.03
T103948,C107,724.43,5411,debit,0.0,True,0.0
T103949,C130,537.21,8299,credit,0.0,True,0.0
T103950,C114,129.98000000000002,8011,credit,0.025,False,0.025
T103951,C123,37.41,5941,credit,0.025,False,0.025
T103952,C142,80.0,8011,debit,0.0,True,0.0
T103953,C148,441.72,8011,debit,0.028,False,0.028
T103954,C148,611.9,8011,credit,0.028,False,0.028
T103955,C132,31.04,8299,credit,0.028,False,0.0
T103956,C134,536.32,5813,pix_credit,0.03,False,0.03
T103957,C106,210.75,8011,credit,0.025,False,0.025
T103958,C116,39.72,8299,pix_credit,0.03,False,0.0
T103959,C100,136.29000000000002,5941,credit,0.03,False,0.03
T103960,C130,29.94,8011,credit,0.0,True,0.025
T103961,C119,107.37,5411,pix_debit,0.025,False,0.0
T103962,C140,67.7,7512,pix_debit,0.025,False,0.0
T103963,C116,417.73,5411,debit,0.03,False,0.03
T103964,C120,491.91,5411,pix_credit,0.025,False,0.025
T103965,C138,23.94,7512,debit,0.03,False,0.03
T103966,C133,179.4,8299,debit,0.025,False,0.0
T103967,C141,54.0,8299,credit,0.0,True,0.0
T103968,C136,75.05,5813,pix_debit,0.028,False,0.0
T103969,C123,132.76,8299,credit,0.025,False,0.0
T103970,C131,46.51,4511,debit,0.03,False,0.03
T103971,C128,112.76,5813,credit,0.0,True,0.0
T103972,C122,239.78,8299,credit,0.03,False,0.0
T103973,C131,505.41,5411,pix_debit,0.03,False,0.0
T103974,C115,104.2,5411,credit,0.03,False,0.03
T103975,C122,178.91,8011,credit,0.03,False,0.03
T103976,C116,400.47,5813,debit,0.03,False,0.03
T103977,C134,365.14,7512,credit,0.03,False,0.03
T103978,C103,194.5,8299,credit,0.025,False,0.0
T103979,C104,683.62,5812,credit,0.03,False,0.03
T103980,C114,113.66,5411,debit,0.025,False,0.025
T103981,C119,141.03,8299,debit,0.025,False,0.0
T103982,C142,122.5,5813,credit,0.0,True,0.0
T103983,C140,116.03,5411,debit,0.025,False,0.025
T103984,C101,132.53,8011,pix_debit,0.028,False,0.0
T103985,C136,642.58,8011,credit,0.028,False,0.028
T103986,C107,60.71,5411,pix_debit,0.0,True,0.0
T103987,C103,149.4,4511,credit,0.025,False,0.025
T103988,C138,223.02,8299,pix_debit,0.03,False,0.0
T103989,C125,1446.79,7512,debit,0.025,False,0.025
T103990,C128,125.17,8299,credit,0.0,True,0.0
T103991,C103,856.7,5813,credit,0.025,False,0.025
T103992,C148,171.08,5813,voucher,0.028,False,0.028
T103993,C125,197.11,5812,debit,0.025,False,0.025
T103994,C137,45.43,5411,credit,0.028,False,0.028
T103995,C131,39.25,5813,credit,0.03,False,0.03
T103996,C141,158.43,5813,credit,0.0,True,0.025
T103997,C147,109.84,5812,credit,0.03,False,0.03
T103998,C118,1540.09,5813,credit,0.025,False,0.025
T103999,C145,36.05,8299,pix_credit,0.028,False,0.0
T104000,C148,96.21,5411,pix_credit,0.028,False,0.028
T104001,C120,129.2,4511,pix_debit,0.025,False,0.0
T104002,C108,72.17,5411,credit,0.03,False,0.03
T104003,C130,79.47,7512,credit,0.0,True,0.025
T104004,C131,230.21,7512,pix_debit,0.03,False,0.0
T104005,C138,106.46,8011,pix_credit,0.03,False,0.03
T104006,C141,90.33,5813,debit,0.0,True,0.025
T104007,C102,322.64,4511,debit,0.028,False,0.028
T104008,C144,362.27,7512,debit,0.025,False,0.025
T104009,C128,25.53,5813,pix_credit,0.0,True,0.0
T104010,C114,152.65,5812,voucher,0.025,False,0.025
T104011,C120,92.78,8011,credit,0.025,False,0.025
T104012,C121,1047.67,4511,credit,0.03,False,0.03
T104013,C111,283.98,5941,debit,0.03,False,0.03
T104014,C131,126.44,4511,credit,0.03,False,0.03
T104015,C138,20.21,8299,pix_debit,0.03,False,0.0
T104016,C127,251.15,8299,credit,0.0,True,0.0
T104017,C111,148.98,7512,credit,0.03,False,0.03
T104018,C116,123.07,8011,pix_credit,0.03,False,0.03
T104019,C141,153.9,8011,credit,0.0,True,0.025
T104020,C139,258.5,4511,credit,0.0,True,0.0
T104021,C149,139.51,8011,pix_debit,0.028,False,0.0
T104022,C121,247.8,8299,voucher,0.03,False,0.0
T104023,C107,122.05,4511,credit,0.0,True,0.0
T104024,C145,883.41,8011,debit,0.028,False,0.028
T104025,C122,871.92,4511,debit,0.03,False,0.03
T104026,C139,88.11,5812,pix_credit,0.0,True,0.0
T104027,C116,364.49,8299,voucher,0.03,False,0.0
T104028,C145,172.71,8299,voucher,0.028,False,0.0
T104029,C141,73.06,5941,pix_debit,0.0,True,0.0
T104030,C143,123.12,5941,pix_debit,0.028,False,0.0
T104031,C102,51.68,5411,pix_debit,0.028,False,0.0
T104032,C119,67.31,7512,debit,0.025,False,0.025
T104033,C132,40.89,5941,pix_debit,0.028,False,0.0
T104034,C126,417.39,5941,debit,0.03,False,0.03
T104035,C148,891.54,4511,credit,0.028,False,0.028
T104036,C108,324.08,4511,credit,0.03,False,0.03
T104037,C114,129.36,5411,credit,0.025,False,0.025
T104038,C144,116.67,5941,voucher,0.025,False,0.025
T104039,C125,52.75,5411,credit,0.025,False,0.025
T104040,C118,133.85,7512,credit,0.025,False,0.025
T104041,C112,544.57,5941,debit,0.03,False,0.03
T104042,C139,184.85,5812,debit,0.0,True,0.0
T104043,C134,33.91,8011,credit,0.03,False,0.03
T104044,C134,74.69,5941,debit,0.03,False,0.03
T104045,C124,58.55,7512,credit,0.03,False,0.03
T104046,C121,725.63,5813,pix_credit,0.03,False,0.03
T104047,C123,57.83,8299,debit,0.025,False,0.0
T104048,C120,37.42,8011,credit,0.025,False,0.025
T104049,C138,193.21,8299,credit,0.03,False,0.0
T104050,C142,192.39,5813,pix_credit,0.0,True,0.0
T104051,C145,187.76,5411,credit,0.028,False,0.028
T104052,C130,125.21,7512,credit,0.0,True,0.025
T104053,C131,486.28,7512,pix_debit,0.03,False,0.0
T104054,C117,183.14,8011,credit,0.0,True,0.0
T104055,C101,133.9,5813,credit,0.028,False,0.028
T104056,C120,65.25999999999999,8299,credit,0.025,False,0.0
T104057,C121,60.14,8299,credit,0.03,False,0.0
T104058,C149,133.6,7512,debit,0.028,False,0.028
T104059,C149,395.16,5941,credit,0.028,False,0.028
T104060,C122,165.11,8011,credit,0.03,False,0.03
T104061,C129,134.23000000000002,5812,pix_credit,0.03,False,0.03
T104062,C142,94.22,7512,credit,0.0,True,0.0
T104063,C142,243.71,5411,pix_credit,0.0,True,0.0
T104064,C119,136.1,7512,debit,0.025,False,0.025
T104065,C101,299.38,8011,pix_debit,0.028,False,0.0
T104066,C103,110.62,5411,pix_credit,0.025,False,0.025
T104067,C108,72.53,8011,pix_credit,0.03,False,0.03
T104068,C117,79.2,8299,pix_credit,0.0,True,0.0
T104069,C147,258.27,5813,debit,0.03,False,0.03
T104070,C116,1328.98,5813,credit,0.03,False,0.03
T104071,C132,335.92,8299,pix_debit,0.028,False,0.0
T104072,C134,111.81,8299,pix_debit,0.03,False,0.0
T104073,C121,71.32,5813,credit,0.03,False,0.03
T104074,C123,50.86,4511,pix_credit,0.025,False,0.025
T104075,C121,185.57,5813,voucher,0.03,False,0.03
T104076,C110,339.68,5411,credit,0.025,False,0.025
T104077,C118,359.3,8011,credit,0.025,False,0.025
T104078,C116,233.23,5813,credit,0.03,False,0.03
T104079,C128,290.95,4511,credit,0.0,True,0.0
T104080,C136,146.68,5813,debit,0.028,False,0.028
T104081,C144,263.9,7512,debit,0.025,False,0.025
T104082,C137,35.42,5941,pix_credit,0.028,False,0.028
T104083,C113,111.09,4511,pix_debit,0.028,False,0.0
T104084,C145,140.64,5812,pix_credit,0.028,False,0.028
T104085,C117,76.82,5812,credit,0.0,True,0.0
T104086,C107,23.06,8011,pix_credit,0.0,True,0.0
T104087,C136,194.46,5812,debit,0.028,False,0.028
T104088,C127,333.57,5411,credit,0.0,True,0.0
T104089,C113,186.23,4511,credit,0.028,False,0.028
T104090,C145,265.16,8011,credit,0.028,False,0.028
T104091,C137,62.43,5411,debit,0.028,False,0.028
T104092,C117,247.7,5812,credit,0.0,True,0.0
T104093,C124,1191.1,5812,debit,0.03,False,0.03
T104094,C103,114.02,5813,debit,0.025,False,0.025
T104095,C131,81.94,5411,credit,0.03,False,0.03
T104096,C133,110.36,4511,credit,0.025,False,0.025
T104097,C109,232.13,5812,debit,0.028,False,0.028
T104098,C149,240.27,5941,pix_credit,0.028,False,0.028
T104099,C124,164.44,4511,debit,0.03,False,0.03
T104100,C128,332.18,5411,debit,0.0,True,0.0
T104101,C142,33.69,7512,pix_debit,0.0,True,0.0
T104102,C139,856.55,5813,credit,0.0,True,0.0
T104103,C126,151.09,7512,pix_credit,0.03,False,0.03
T104104,C142,145.42,4511,credit,0.0,True,0.0
T104105,C129,84.12,8299,debit,0.03,False,0.0
T104106,C103,545.92,7512,debit,0.025,False,0.025
T104107,C131,409.14,5941,pix_debit,0.03,False,0.0
T104108,C143,347.12,4511,credit,0.028,False,0.028
T104109,C133,212.31,5941,debit,0.025,False,0.025
T104110,C104,300.0,7512,voucher,0.03,False,0.03
T104111,C117,781.45,5812,pix_credit,0.0,True,0.0
T104112,C138,69.25999999999999,5941,pix_credit,0.03,False,0.03
T104113,C134,539.95,5411,credit,0.03,False,0.03
T104114,C128,172.34,4511,debit,0.0,True,0.0
T104115,C107,94.37,5812,pix_credit,0.0,True,0.0
T104116,C106,72.43,8011,credit,0.025,False,0.025
T104117,C130,366.75,7512,voucher,0.0,True,0.025
T104118,C143,432.9,5941,credit,0.028,False,0.028
T104119,C141,49.6,5813,debit,0.0,True,0.025
T104120,C111,82.08,4511,debit,0.03,False,0.03
T104121,C115,100.78,5813,pix_debit,0.03,False,0.0
T104122,C135,262.81,5411,voucher,0.028,False,0.028
T104123,C143,326.55,5813,credit,0.028,False,0.028
T104124,C101,318.88,7512,credit,0.028,False,0.028
T104125,C149,37.08,5941,pix_debit,0.028,False,0.0
T104126,C114,444.41,7512,debit,0.025,False,0.025
T104127,C107,147.04,8299,credit,0.0,True,0.0
T104128,C115,183.37,7512,pix_debit,0.03,False,0.0
T104129,C132,184.73,4511,voucher,0.028,False,0.028
T104130,C140,805.84,8011,credit,0.025,False,0.025
T104131,C144,60.35,5812,credit,0.025,False,0.025
T104132,C144,56.02,4511,pix_credit,0.025,False,0.025
T104133,C132,111.99,8299,pix_credit,0.028,False,0.0
T104134,C136,130.04000000000002,5813,pix_debit,0.028,False,0.0
T104135,C135,60.69,8299,credit,0.028,False,0.0
T104136,C116,127.16,5812,pix_debit,0.03,False,0.0
T104137,C125,770.06,7512,credit,0.025,False,0.025
T104138,C134,57.33,5941,credit,0.03,False,0.03
T104139,C100,288.01,4511,credit,0.03,False,0.03
T104140,C147,135.76999999999998,4511,pix_debit,0.03,False,0.0
T104141,C101,878.6,5411,debit,0.028,False,0.028
T104142,C104,103.6,8011,credit,0.03,False,0.03
T104143,C101,68.85,5813,credit,0.028,False,0.028
T104144,C135,106.51,4511,credit,0.028,False,0.028
T104145,C136,58.39,5813,voucher,0.028,False,0.028
T104146,C108,38.620000000000005,8299,credit,0.03,False,0.0
T104147,C127,118.0,5812,debit,0.0,True,0.0
T104148,C125,261.75,4511,debit,0.025,False,0.025
T104149,C113,30.25,5411,debit,0.028,False,0.028
T104150,C130,45.13,5813,credit,0.0,True,0.025
T104151,C143,85.16,8299,debit,0.028,False,0.0
T104152,C138,139.38,8299,debit,0.03,False,0.0
T104153,C131,345.68,4511,debit,0.03,False,0.03
T104154,C147,112.64,5812,pix_credit,0.03,False,0.03
T104155,C129,225.62,8299,credit,0.03,False,0.0
T104156,C115,125.25,7512,credit,0.03,False,0.03
T104157,C113,351.6,5941,credit,0.028,False,0.028
T104158,C127,341.82,5813,debit,0.0,True,0.0
T104159,C140,460.23,8011,credit,0.025,False,0.025
T104160,C114,200.22,4511,pix_debit,0.025,False,0.0
T104161,C116,923.17,5941,debit,0.03,False,0.03
T104162,C141,701.19,8011,debit,0.0,True,0.025
T104163,C115,88.58,5813,pix_credit,0.03,False,0.03
T104164,C102,83.28,8011,credit,0.028,False,0.028
T104165,C124,594.31,5411,credit,0.03,False,0.03
T104166,C123,89.43,5941,credit,0.025,False,0.025
T104167,C133,197.96,4511,debit,0.025,False,0.025
T104168,C114,304.86,5812,debit,0.025,False,0.025
T104169,C134,355.89,5813,credit,0.03,False,0.03
T104170,C143,738.67,8299,credit,0.028,False,0.0
T104171,C120,36.120000000000005,8299,credit,0.025,False,0.0
T104172,C109,53.36,5812,voucher,0.028,False,0.028
T104173,C123,158.89,5411,pix_debit,0.025,False,0.0
T104174,C143,16.81,5813,credit,0.028,False,0.028
T104175,C106,33.95,5411,credit,0.025,False,0.025
T104176,C116,414.96,5812,pix_credit,0.03,False,0.03
T104177,C111,74.08,4511,credit,0.03,False,0.03
T104178,C111,50.8,5411,debit,0.03,False,0.03
T104179,C122,235.78,8299,pix_credit,0.03,False,0.0
T104180,C135,62.61,8299,credit,0.028,False,0.0
T104181,C106,94.08,8011,debit,0.025,False,0.025
T104182,C144,356.17,4511,credit,0.025,False,0.025
T104183,C108,40.120000000000005,8299,credit,0.03,False,0.0
T104184,C130,56.81,8299,pix_debit,0.0,True,0.0
T104185,C108,348.66,8299,credit,0.03,False,0.0
T104186,C104,67.6,8299,debit,0.03,False,0.0
T104187,C142,64.72999999999999,7512,pix_credit,0.0,True,0.0
T104188,C102,1815.96,8299,voucher,0.028,False,0.0
T104189,C103,496.61,8299,credit,0.025,False,0.0
T104190,C103,149.03,5813,voucher,0.025,False,0.025
T104191,C140,131.16,7512,credit,0.025,False,0.025
T104192,C132,398.83,5941,credit,0.028,False,0.028
T104193,C128,227.96,4511,debit,0.0,True,0.0
T104194,C122,184.79,5941,credit,0.03,False,0.03
T104195,C121,803.71,8011,credit,0.03,False,0.03
T104196,C139,50.68,8011,debit,0.0,True,0.0
T104197,C112,215.75,4511,credit,0.03,False,0.03
T104198,C113,37.1,5411,credit,0.028,False,0.028
T104199,C112,795.42,8299,debit,0.03,False,0.0
T104200,C146,247.44,8299,pix_debit,0.028,False,0.0
T104201,C131,552.66,5411,credit,0.03,False,0.03
T104202,C139,48.87,8011,voucher,0.0,True,0.0
T104203,C140,712.08,5941,credit,0.025,False,0.025
T104204,C139,126.96,5813,credit,0.0,True,0.0
T104205,C121,894.44,5813,debit,0.03,False,0.03
T104206,C130,75.68,5941,debit,0.0,True,0.025
T104207,C115,360.12,7512,credit,0.03,False,0.03
T104208,C104,83.34,7512,credit,0.03,False,0.03
T104209,C100,361.66,5813,credit,0.03,False,0.03
T104210,C137,1010.66,5812,debit,0.028,False,0.028
T104211,C148,172.54,5411,debit,0.028,False,0.028
T104212,C119,137.05,5813,pix_debit,0.025,False,0.0
T104213,C133,31.33,5411,credit,0.025,False,0.025
T104214,C123,89.95,5812,debit,0.025,False,0.025
T104215,C131,148.05,5411,credit,0.03,False,0.03
T104216,C124,114.47,8011,pix_debit,0.03,False,0.0
T104217,C121,200.93,5411,debit,0.03,False,0.03
T104218,C144,150.1,5813,debit,0.025,False,0.025
T104219,C129,227.43,5411,pix_credit,0.03,False,0.03
T104220,C132,295.88,5812,credit,0.028,False,0.028
T104221,C132,182.43,7512,voucher,0.028,False,0.028
T104222,C123,185.2,5813,credit,0.025,False,0.025
T104223,C101,101.68,4511,debit,0.028,False,0.028
T104224,C131,172.48,5941,credit,0.03,False,0.03
T104225,C137,546.47,8299,voucher,0.028,False,0.0
T104226,C144,74.12,5411,debit,0.025,False,0.025
T104227,C111,37.84,5941,credit,0.03,False,0.03
T104228,C107,124.97,5812,pix_credit,0.0,True,0.0
T104229,C106,136.25,4511,pix_credit,0.025,False,0.025
T104230,C140,2742.91,5812,debit,0.025,False,0.025
T104231,C140,92.78,4511,pix_credit,0.025,False,0.025
T104232,C134,398.83,7512,credit,0.03,False,0.03
T104233,C136,334.2,5411,pix_credit,0.028,False,0.028
T104234,C106,528.06,5411,credit,0.025,False,0.025
T104235,C136,106.94,5812,pix_credit,0.028,False,0.028
T104236,C140,90.02,7512,pix_credit,0.025,False,0.025
T104237,C139,83.32,7512,pix_credit,0.0,True,0.0
T104238,C101,170.33,8011,credit,0.028,False,0.028
T104239,C143,148.07,4511,credit,0.028,False,0.028
T104240,C121,74.39,8011,credit,0.03,False,0.03
T104241,C104,50.77,5411,pix_debit,0.03,False,0.0
T104242,C133,284.21,5411,credit,0.025,False,0.025
T104243,C116,237.21,4511,debit,0.03,False,0.03
T104244,C112,733.72,7512,credit,0.03,False,0.03
T104245,C119,173.81,8011,credit,0.025,False,0.025
T104246,C111,212.46,5812,debit,0.03,False,0.03
T104247,C133,125.88,5813,debit,0.025,False,0.025
T104248,C139,80.31,5941,voucher,0.0,True,0.0
T104249,C139,69.84,4511,debit,0.0,True,0.0
T104250,C104,150.6,5411,debit,0.03,False,0.03
T104251,C132,371.74,5941,pix_debit,0.028,False,0.0
T104252,C110,58.55,4511,debit,0.025,False,0.025
T104253,C139,167.95,7512,pix_debit,0.0,True,0.0
T104254,C123,151.89,4511,debit,0.025,False,0.025
T104255,C133,207.77,5812,debit,0.025,False,0.025
T104256,C116,174.04,8011,credit,0.03,False,0.03
T104257,C138,429.95,8011,credit,0.03,False,0.03
T104258,C111,594.4,4511,credit,0.03,False,0.03
T104259,C147,1325.53,5941,pix_credit,0.03,False,0.03
T104260,C132,181.97,8299,debit,0.028,False,0.0
T104261,C142,105.3,8299,credit,0.0,True,0.0
T104262,C144,1304.93,5941,credit,0.025,False,0.025
T104263,C145,145.66,8011,credit,0.028,False,0.028
T104264,C120,185.71,8011,credit,0.025,False,0.025
T104265,C108,75.55,5812,credit,0.03,False,0.03
T104266,C139,166.38,8299,pix_credit,0.0,True,0.0
T104267,C125,322.23,7512,pix_debit,0.025,False,0.0
T104268,C123,463.06,4511,credit,0.025,False,0.025
T104269,C109,182.4,5411,debit,0.028,False,0.028
T104270,C106,51.72,5812,debit,0.025,False,0.025
T104271,C144,45.32,8011,pix_credit,0.025,False,0.025
T104272,C146,265.25,8011,credit,0.028,False,0.028
T104273,C121,212.99,8011,credit,0.03,False,0.03
T104274,C121,177.18,4511,credit,0.03,False,0.03
T104275,C119,472.0,4511,debit,0.025,False,0.025
T104276,C139,712.88,5411,pix_debit,0.0,True,0.0
T104277,C113,78.97,7512,credit,0.028,False,0.028
T104278,C124,1041.07,5812,debit,0.03,False,0.03
T104279,C104,183.57,8299,credit,0.03,False,0.0
T104280,C132,175.94,5812,credit,0.028,False,0.028
T104281,C124,25.55,4511,credit,0.03,False,0.03
T104282,C139,335.17,8011,debit,0.0,True,0.0
T104283,C122,28.5,5813,credit,0.03,False,0.03
T104284,C142,68.34,5941,debit,0.0,True,0.0
T104285,C120,1284.68,8011,credit,0.025,False,0.025
T104286,C124,65.83,4511,credit,0.03,False,0.03
T104287,C142,1793.69,5812,credit,0.0,True,0.0
T104288,C120,469.72,5941,pix_debit,0.025,False,0.0
T104289,C143,115.85,5813,pix_credit,0.028,False,0.028
T104290,C134,194.83,8299,debit,0.03,False,0.0
T104291,C144,200.59,7512,pix_debit,0.025,False,0.0
T104292,C112,281.55,8011,debit,0.03,False,0.03
T104293,C118,311.7,4511,credit,0.025,False,0.025
T104294,C130,274.62,5813,debit,0.0,True,0.025
T104295,C107,973.18,8011,credit,0.0,True,0.0
T104296,C129,323.3,7512,pix_credit,0.03,False,0.03
T104297,C128,864.23,8299,credit,0.0,True,0.0
T104298,C136,162.14,5411,voucher,0.028,False,0.028
T104299,C118,70.21000000000001,4511,credit,0.025,False,0.025
T104300,C143,100.06,4511,voucher,0.028,False,0.028
T104301,C115,664.07,5941,debit,0.03,False,0.03
T104302,C112,196.14,4511,pix_debit,0.03,False,0.0
T104303,C101,197.93,5812,voucher,0.028,False,0.028
T104304,C125,85.23,5812,debit,0.025,False,0.025
T104305,C121,86.7,5812,credit,0.03,False,0.03
T104306,C138,299.9,5411,debit,0.03,False,0.03
T104307,C136,58.56,4511,debit,0.028,False,0.028
T104308,C140,219.61,8011,credit,0.025,False,0.025
T104309,C105,63.7,5941,debit,0.028,False,0.028
T104310,C116,56.87,5941,credit,0.03,False,0.03
T104311,C128,113.78,4511,debit,0.0,True,0.0
T104312,C107,159.95,4511,voucher,0.0,True,0.0
T104313,C126,80.37,8299,credit,0.03,False,0.0
T104314,C101,297.85,7512,debit,0.028,False,0.028
T104315,C131,37.09,5411,debit,0.03,False,0.03
T104316,C114,209.85,5813,pix_debit,0.025,False,0.0
T104317,C117,57.84,5411,credit,0.0,True,0.0
T104318,C106,204.1,5941,debit,0.025,False,0.025
T104319,C144,144.8,7512,debit,0.025,False,0.025
T104320,C118,56.24,8011,pix_credit,0.025,False,0.025
T104321,C143,220.17,8011,debit,0.028,False,0.028
T104322,C123,179.41,8011,pix_credit,0.025,False,0.025
T104323,C104,167.58,8011,debit,0.03,False,0.03
T104324,C136,101.78,4511,voucher,0.028,False,0.028
T104325,C100,465.03,8299,debit,0.03,False,0.0
T104326,C133,42.22,5812,credit,0.025,False,0.025
T104327,C131,186.22,7512,credit,0.03,False,0.03
T104328,C118,630.03,5411,pix_debit,0.025,False,0.0
T104329,C134,48.94,7512,pix_debit,0.03,False,0.0
T104330,C102,428.15,8011,pix_credit,0.028,False,0.028
T104331,C103,663.86,5813,pix_credit,0.025,False,0.025
T104332,C140,63.32,8299,debit,0.025,False,0.0
T104333,C118,73.75,7512,credit,0.025,False,0.025
T104334,C118,222.09,5411,pix_debit,0.025,False,0.0
T104335,C125,308.76,5812,pix_debit,0.025,False,0.0
T104336,C113,117.58,5812,credit,0.028,False,0.028
T104337,C126,565.17,4511,pix_debit,0.03,False,0.0
T104338,C124,21.62,7512,voucher,0.03,False,0.03
T104339,C104,83.49,8011,debit,0.03,False,0.03
T104340,C120,453.92,5813,debit,0.025,False,0.025
T104341,C117,168.73,4511,debit,0.0,True,0.0
T104342,C119,140.96,8011,credit,0.025,False,0.025
T104343,C106,360.38,5411,debit,0.025,False,0.025
T104344,C136,61.84,8299,credit,0.028,False,0.0
T104345,C141,233.08,7512,pix_credit,0.0,True,0.025
T104346,C119,847.42,5411,debit,0.025,False,0.025
T104347,C107,181.16,8011,debit,0.0,True,0.0
T104348,C134,83.33,4511,credit,0.03,False,0.03
T104349,C128,86.75,5411,credit,0.0,True,0.0
T104350,C120,315.84,5812,pix_debit,0.025,False,0.0
T104351,C105,226.18,8011,debit,0.028,False,0.028
T104352,C127,516.1700000000001,8011,pix_credit,0.0,True,0.0
T104353,C102,216.34,5941,debit,0.028,False,0.028
T104354,C114,74.88,5411,debit,0.025,False,0.025
T104355,C109,218.48,5812,pix_credit,0.028,False,0.028
T104356,C123,156.17,8011,credit,0.025,False,0.025
T104357,C116,49.58,5941,debit,0.03,False,0.03
T104358,C114,220.51,7512,voucher,0.025,False,0.025
T104359,C126,523.25,5941,debit,0.03,False,0.03
T104360,C114,15.67,5813,voucher,0.025,False,0.025
T104361,C127,244.46,5813,credit,0.0,True,0.0
T104362,C103,70.19,5941,credit,0.025,False,0.025
T104363,C102,498.59,8299,credit,0.028,False,0.0
T104364,C146,458.21,5813,debit,0.028,False,0.028
T104365,C106,482.4,4511,credit,0.025,False,0.025
T104366,C127,119.99,5941,credit,0.0,True,0.0
T104367,C115,100.73,5812,credit,0.03,False,0.03
T104368,C113,46.45,5411,credit,0.028,False,0.028
T104369,C130,84.79,8299,pix_debit,0.0,True,0.0
T104370,C124,293.51,5812,voucher,0.03,False,0.03
T104371,C130,58.16,5813,debit,0.0,True,0.025
T104372,C138,136.43,8299,pix_debit,0.03,False,0.0
T104373,C129,160.13,8299,pix_debit,0.03,False,0.0
T104374,C100,92.25,5941,pix_credit,0.03,False,0.03
T104375,C144,409.37,8011,credit,0.025,False,0.025
T104376,C102,318.45,8299,credit,0.028,False,0.0
T104377,C101,1353.43,5941,debit,0.028,False,0.028
T104378,C100,34.870000000000005,8299,pix_credit,0.03,False,0.0
T104379,C145,51.42,8299,credit,0.028,False,0.0
T104380,C105,171.35,5411,debit,0.028,False,0.028
T104381,C106,276.06,7512,debit,0.025,False,0.025
T104382,C139,54.68,8299,pix_credit,0.0,True,0.0
T104383,C134,277.17,5812,credit,0.03,False,0.03
T104384,C131,83.31,8299,debit,0.03,False,0.0
T104385,C148,45.24,5411,debit,0.028,False,0.028
T104386,C139,53.92,5813,credit,0.0,True,0.0
T104387,C146,178.19,5813,debit,0.028,False,0.028
T104388,C111,25.79,5411,pix_debit,0.03,False,0.0
T104389,C124,152.48,4511,pix_debit,0.03,False,0.0
T104390,C140,1559.06,8011,credit,0.025,False,0.025
T104391,C134,38.84,8299,debit,0.03,False,0.0
T104392,C104,70.66,5411,debit,0.03,False,0.03
T104393,C101,64.24000000000001,5941,pix_credit,0.028,False,0.028
T104394,C139,166.42,5813,pix_credit,0.0,True,0.0
T104395,C134,124.99,8011,debit,0.03,False,0.03
T104396,C109,320.08,8299,debit,0.028,False,0.0
T104397,C130,70.08,8011,debit,0.0,True,0.025
T104398,C128,371.55,5941,pix_credit,0.0,True,0.0
T104399,C113,162.04,5411,credit,0.028,False,0.028
T104400,C148,282.05,5813,credit,0.028,False,0.028
T104401,C117,107.26,5941,credit,0.0,True,0.0
T104402,C103,48.07,8299,pix_debit,0.025,False,0.0
T104403,C143,53.97,5411,credit,0.028,False,0.028
T104404,C104,150.4,5941,debit,0.03,False,0.03
T104405,C132,120.05,8299,debit,0.028,False,0.0
T104406,C111,41.69,8011,credit,0.03,False,0.03
T104407,C136,253.21,4511,pix_credit,0.028,False,0.028
T104408,C140,504.15,5812,debit,0.025,False,0.025
T104409,C109,88.0,5941,pix_credit,0.028,False,0.028
T104410,C110,74.76,4511,debit,0.025,False,0.025
T104411,C101,518.95,5941,debit,0.028,False,0.028
T104412,C129,18.93,8299,pix_debit,0.03,False,0.0
T104413,C143,39.03,5941,credit,0.028,False,0.028
T104414,C134,87.66,5813,pix_debit,0.03,False,0.0
T104415,C146,430.43,5813,credit,0.028,False,0.028
T104416,C130,75.76,5411,credit,0.0,True,0.025
T104417,C104,60.46,5411,debit,0.03,False,0.03
T104418,C105,77.96,8011,credit,0.028,False,0.028
T104419,C110,188.42,4511,credit,0.025,False,0.025
T104420,C106,114.07,7512,credit,0.025,False,0.025
T104421,C125,266.76,7512,credit,0.025,False,0.025
T104422,C119,133.4,7512,pix_debit,0.025,False,0.0
T104423,C130,573.25,5813,debit,0.0,True,0.025
T104424,C137,97.6,7512,credit,0.028,False,0.028
T104425,C145,295.31,5812,credit,0.028,False,0.028
T104426,C110,182.91,5941,credit,0.025,False,0.025
T104427,C120,39.78,5411,credit,0.025,False,0.025
T104428,C111,29.42,8299,pix_debit,0.03,False,0.0
T104429,C101,62.34,5813,credit,0.028,False,0.028
T104430,C146,97.26,7512,pix_credit,0.028,False,0.028
T104431,C125,240.06,5812,debit,0.025,False,0.025
T104432,C137,267.89,5813,pix_credit,0.028,False,0.028
T104433,C131,250.06,8299,credit,0.03,False,0.0
T104434,C106,490.67,8011,credit,0.025,False,0.025
T104435,C103,128.35,8299,credit,0.025,False,0.0
T104436,C127,205.28,5411,debit,0.0,True,0.0
T104437,C118,63.9,5813,voucher,0.025,False,0.025
T104438,C115,63.51,5812,credit,0.03,False,0.03
T104439,C141,85.97,5813,pix_debit,0.0,True,0.0
T104440,C140,189.02,5812,credit,0.025,False,0.025
T104441,C118,271.32,8011,credit,0.025,False,0.025
T104442,C124,74.11,4511,voucher,0.03,False,0.03
T104443,C132,35.260000000000005,5812,debit,0.028,False,0.028
T104444,C139,162.82,5812,debit,0.0,True,0.0
T104445,C127,111.23,5411,pix_credit,0.0,True,0.0
T104446,C106,190.66,5813,credit,0.025,False,0.025
T104447,C111,93.72,8299,debit,0.03,False,0.0
T104448,C125,1343.96,4511,debit,0.025,False,0.025
T104449,C116,402.16,8011,credit,0.03,False,0.03
T104450,C124,163.36,4511,credit,0.03,False,0.03
T104451,C100,451.63,4511,voucher,0.03,False,0.03
T104452,C104,230.67,5813,debit,0.03,False,0.03
T104453,C133,71.91,5411,debit,0.025,False,0.025
T104454,C119,425.35,5411,pix_debit,0.025,False,0.0
T104455,C145,22.36,4511,credit,0.028,False,0.028
T104456,C108,116.19,5813,voucher,0.03,False,0.03
T104457,C116,219.16,5813,debit,0.03,False,0.03
T104458,C121,431.64,5812,debit,0.03,False,0.03
T104459,C134,101.84,7512,debit,0.03,False,0.03
T104460,C120,38.78,4511,credit,0.025,False,0.025
T104461,C115,46.29,7512,debit,0.03,False,0.03
T104462,C141,163.35,7512,pix_debit,0.0,True,0.0
T104463,C102,283.08,8299,debit,0.028,False,0.0
T104464,C143,28.13,5941,pix_credit,0.028,False,0.028
T104465,C112,193.51,5411,pix_credit,0.03,False,0.03
T104466,C131,544.92,5411,debit,0.03,False,0.03
T104467,C130,199.38,5812,credit,0.0,True,0.025
T104468,C122,32.94,5812,credit,0.03,False,0.03
T104469,C138,50.2,8011,credit,0.03,False,0.03
T104470,C127,345.57,7512,debit,0.0,True,0.0
T104471,C131,283.22,5812,pix_credit,0.03,False,0.03
T104472,C144,113.28,5812,credit,0.025,False,0.025
T104473,C104,42.28,5941,credit,0.03,False,0.03
T104474,C129,79.54,5411,credit,0.03,False,0.03
T104475,C125,482.95,4511,credit,0.025,False,0.025
T104476,C124,126.97,8011,pix_debit,0.03,False,0.0
T104477,C107,132.72,5411,debit,0.0,True,0.0
T104478,C131,58.41,7512,debit,0.03,False,0.03
T104479,C104,66.07,7512,voucher,0.03,False,0.03
T104480,C120,94.54,8011,pix_credit,0.025,False,0.025
T104481,C134,66.27000000000001,5411,credit,0.03,False,0.03
T104482,C120,212.24,8011,credit,0.025,False,0.025
T104483,C135,80.82,5411,credit,0.028,False,0.028
T104484,C114,855.26,5812,pix_credit,0.025,False,0.025
T104485,C122,119.46,5813,pix_debit,0.03,False,0.0
T104486,C145,56.87,8299,credit,0.028,False,0.0
T104487,C108,756.66,5813,pix_debit,0.03,False,0.0
T104488,C131,90.32,5411,pix_debit,0.03,False,0.0
T104489,C127,345.18,7512,pix_credit,0.0,True,0.0
T104490,C121,32.83,5813,credit,0.03,False,0.03
T104491,C115,96.12,5411,pix_debit,0.03,False,0.0
T104492,C133,250.61,5813,debit,0.025,False,0.025
T104493,C114,124.77,8011,debit,0.025,False,0.025
T104494,C141,245.24,4511,debit,0.0,True,0.025
T104495,C100,252.51,4511,credit,0.03,False,0.03
T104496,C117,285.2,8299,pix_debit,0.0,True,0.0
T104497,C137,65.44,5812,pix_debit,0.028,False,0.0
T104498,C124,42.11,8011,pix_debit,0.03,False,0.0
T104499,C112,83.71,7512,credit,0.03,False,0.03
T104500,C142,75.35,5812,debit,0.0,True,0.0
T104501,C145,72.15,5411,debit,0.028,False,0.028
T104502,C129,128.86,4511,credit,0.03,False,0.03
T104503,C105,729.23,8011,debit,0.028,False,0.028
T104504,C129,54.93,5411,pix_credit,0.03,False,0.03
T104505,C143,129.95,8011,pix_credit,0.028,False,0.028
T104506,C103,183.68,8299,pix_credit,0.025,False,0.0
T104507,C119,693.08,8011,debit,0.025,False,0.025
T104508,C124,287.59,5941,credit,0.03,False,0.03
T104509,C111,120.48,4511,pix_debit,0.03,False,0.0
T104510,C109,250.63,5411,pix_credit,0.028,False,0.028
T104511,C142,1668.61,4511,debit,0.0,True,0.0
T104512,C112,474.35,5941,credit,0.03,False,0.03
T104513,C119,361.88,8299,pix_credit,0.025,False,0.0
T104514,C132,377.89,4511,credit,0.028,False,0.028
T104515,C117,190.51,4511,pix_debit,0.0,True,0.0
T104516,C147,385.64,8299,credit,0.03,False,0.0
T104517,C104,92.84,5813,credit,0.03,False,0.03
T104518,C148,30.47,5813,pix_debit,0.028,False,0.0
T104519,C142,185.37,5941,credit,0.0,True,0.0
T104520,C133,484.86,5411,pix_debit,0.025,False,0.0
T104521,C101,155.06,8011,credit,0.028,False,0.028
T104522,C136,172.04,8299,credit,0.028,False,0.0
T104523,C148,253.82,5411,debit,0.028,False,0.028
T104524,C127,82.1,7512,pix_credit,0.0,True,0.0
T104525,C115,3473.84,5941,voucher,0.03,False,0.03
T104526,C104,154.71,8011,debit,0.03,False,0.03
T104527,C106,342.34,5813,debit,0.025,False,0.025
T104528,C117,375.08,8011,voucher,0.0,True,0.0
T104529,C147,98.37,5812,debit,0.03,False,0.03
T104530,C102,96.1,5813,credit,0.028,False,0.028
T104531,C131,142.24,8299,credit,0.03,False,0.0
T104532,C124,103.76,4511,credit,0.03,False,0.03
T104533,C102,175.47,5941,debit,0.028,False,0.028
T104534,C143,88.32,5411,credit,0.028,False,0.028
T104535,C137,294.65,7512,credit,0.028,False,0.028
T104536,C102,108.15,5941,debit,0.028,False,0.028
T104537,C131,224.88,5411,credit,0.03,False,0.03
T104538,C143,238.27,5813,debit,0.028,False,0.028
T104539,C125,134.31,7512,pix_credit,0.025,False,0.025
T104540,C147,330.56,7512,debit,0.03,False,0.03
T104541,C145,233.73,8011,pix_debit,0.028,False,0.0
T104542,C148,285.21,5941,pix_credit,0.028,False,0.028
T104543,C124,206.39,5813,voucher,0.03,False,0.03
T104544,C112,387.11,5411,debit,0.03,False,0.03
T104545,C135,41.29,8299,credit,0.028,False,0.0
T104546,C113,107.75,8011,debit,0.028,False,0.028
T104547,C127,119.55,8299,debit,0.0,True,0.0
T104548,C141,214.63,7512,pix_debit,0.0,True,0.0
T104549,C133,330.26,5813,credit,0.025,False,0.025
T104550,C139,130.94,4511,debit,0.0,True,0.0
T104551,C101,439.29,5411,debit,0.028,False,0.028
T104552,C131,105.76,8011,debit,0.03,False,0.03
T104553,C102,186.38,5941,debit,0.028,False,0.028
T104554,C146,105.95,5812,pix_debit,0.028,False,0.0
T104555,C125,98.63,5941,pix_debit,0.025,False,0.0
T104556,C114,226.98,5411,pix_credit,0.025,False,0.025
T104557,C100,121.5,5813,debit,0.03,False,0.03
T104558,C122,239.51,8299,credit,0.03,False,0.0
T104559,C133,83.92,5812,credit,0.025,False,0.025
T104560,C130,389.39,8011,debit,0.0,True,0.025
T104561,C102,42.56,8299,pix_debit,0.028,False,0.0
T104562,C127,31.71,5411,credit,0.0,True,0.0
T104563,C103,153.88,5411,debit,0.025,False,0.025
T104564,C143,259.73,4511,credit,0.028,False,0.028
T104565,C115,112.91,5941,debit,0.03,False,0.03
T104566,C135,26.49,5941,credit,0.028,False,0.028
T104567,C109,87.17,4511,pix_credit,0.028,False,0.028
T104568,C125,154.27,5812,debit,0.025,False,0.025
T104569,C118,95.74,8011,credit,0.025,False,0.025
T104570,C140,85.39,7512,debit,0.025,False,0.025
T104571,C107,101.95,5813,pix_debit,0.0,True,0.0
T104572,C143,45.92,5812,debit,0.028,False,0.028
T104573,C116,199.48,8299,credit,0.03,False,0.0
T104574,C102,37.42,5941,pix_debit,0.028,False,0.0
T104575,C101,112.94,5812,debit,0.028,False,0.028
T104576,C102,60.81,5941,pix_debit,0.028,False,0.0
T104577,C130,175.32,7512,pix_credit,0.0,True,0.025
T104578,C123,217.04,5812,debit,0.025,False,0.025
T104579,C123,50.26,7512,pix_debit,0.025,False,0.0
T104580,C119,928.4,8299,pix_debit,0.025,False,0.0
T104581,C131,150.35,7512,credit,0.03,False,0.03
T104582,C105,56.23,5941,credit,0.028,False,0.028
T104583,C131,425.44,8299,debit,0.03,False,0.0
T104584,C133,436.0,5813,pix_credit,0.025,False,0.025
T104585,C127,139.1,8299,pix_credit,0.0,True,0.0
T104586,C127,514.88,8299,voucher,0.0,True,0.0
T104587,C111,227.32,5813,credit,0.03,False,0.03
T104588,C134,279.66,8299,debit,0.03,False,0.0
T104589,C123,662.88,4511,voucher,0.025,False,0.025
T104590,C137,220.22,5411,credit,0.028,False,0.028
T104591,C107,251.72,5812,debit,0.0,True,0.0
T104592,C138,248.91,5813,voucher,0.03,False,0.03
T104593,C136,139.98,5813,credit,0.028,False,0.028
T104594,C132,179.8,4511,credit,0.028,False,0.028
T104595,C143,891.65,5813,credit,0.028,False,0.028
T104596,C139,175.35,8299,credit,0.0,True,0.0
T104597,C132,213.16,5941,debit,0.028,False,0.028
T104598,C137,98.01,8299,debit,0.028,False,0.0
T104599,C140,34.35,7512,debit,0.025,False,0.025
T104600,C139,297.84,7512,credit,0.0,True,0.0
T104601,C138,145.9,5812,debit,0.03,False,0.03
T104602,C134,21.08,8299,pix_credit,0.03,False,0.0
T104603,C137,75.9,4511,debit,0.028,False,0.028
T104604,C107,315.54,8299,debit,0.0,True,0.0
T104605,C143,82.56,5411,credit,0.028,False,0.028
T104606,C105,344.19,7512,debit,0.028,False,0.028
T104607,C121,115.58,5813,debit,0.03,False,0.03
T104608,C142,222.82,7512,credit,0.0,True,0.0
T104609,C106,39.27,7512,debit,0.025,False,0.025
T104610,C124,218.49,5941,credit,0.03,False,0.03
T104611,C128,47.81,5941,debit,0.0,True,0.0
T104612,C106,72.06,5411,debit,0.025,False,0.025
T104613,C143,40.66,4511,credit,0.028,False,0.028
T104614,C106,328.71,8011,debit,0.025,False,0.025
T104615,C121,336.83,5411,credit,0.03,False,0.03
T104616,C107,432.78,4511,debit,0.0,True,0.0
T104617,C108,73.58,4511,debit,0.03,False,0.03
T104618,C126,437.62,7512,voucher,0.03,False,0.03
T104619,C105,1063.05,5813,credit,0.028,False,0.028
T104620,C114,103.34,5411,debit,0.025,False,0.025
T104621,C142,19.39,5813,pix_debit,0.0,True,0.0
T104622,C124,48.17,5812,credit,0.03,False,0.03
T104623,C109,537.53,5941,pix_debit,0.028,False,0.0
T104624,C119,205.74,5411,debit,0.025,False,0.025
T104625,C104,376.85,5813,credit,0.03,False,0.03
T104626,C143,105.47,5941,debit,0.028,False,0.028
T104627,C122,254.95,8011,credit,0.03,False,0.03
T104628,C111,714.0,5941,debit,0.03,False,0.03
T104629,C105,218.12,7512,credit,0.028,False,0.028
T104630,C109,249.9,5812,pix_debit,0.028,False,0.0
T104631,C149,109.3,4511,credit,0.028,False,0.028
T104632,C136,221.34,7512,debit,0.028,False,0.028
T104633,C115,114.17,4511,credit,0.03,False,0.03
T104634,C136,219.33,5411,credit,0.028,False,0.028
T104635,C108,418.98,5941,credit,0.03,False,0.03
T104636,C122,91.21,7512,credit,0.03,False,0.03
T104637,C131,28.92,8299,credit,0.03,False,0.0
T104638,C121,121.94,5812,credit,0.03,False,0.03
T104639,C100,291.85,8011,pix_debit,0.03,False,0.0
T104640,C131,259.97,7512,debit,0.03,False,0.03
T104641,C130,35.65,5812,credit,0.0,True,0.025
T104642,C126,109.27,5411,debit,0.03,False,0.03
T104643,C101,535.67,4511,credit,0.028,False,0.028
T104644,C101,212.79,8011,debit,0.028,False,0.028
T104645,C122,236.22,4511,voucher,0.03,False,0.03
T104646,C140,390.09,5813,credit,0.025,False,0.025
T104647,C131,133.18,5411,credit,0.03,False,0.03
T104648,C101,215.77,5813,pix_debit,0.028,False,0.0
T104649,C123,109.18,8011,credit,0.025,False,0.025
T104650,C132,106.34,7512,debit,0.028,False,0.028
T104651,C130,103.07,5812,pix_credit,0.0,True,0.025
T104652,C122,198.57,8011,credit,0.03,False,0.03
T104653,C123,743.89,8011,debit,0.025,False,0.025
T104654,C121,1209.56,5941,debit,0.03,False,0.03
T104655,C148,204.29,8011,pix_credit,0.028,False,0.028
T104656,C121,206.91,7512,pix_debit,0.03,False,0.0
T104657,C107,236.32,7512,debit,0.0,True,0.0
T104658,C141,194.54,4511,pix_debit,0.0,True,0.0
T104659,C138,119.24,5812,debit,0.03,False,0.03
T104660,C145,160.75,7512,debit,0.028,False,0.028
T104661,C118,107.23,5813,credit,0.025,False,0.025
T104662,C117,441.53,7512,credit,0.0,True,0.0
T104663,C129,342.34,8011,credit,0.03,False,0.03
T104664,C102,279.6,5941,credit,0.028,False,0.028
T104665,C106,416.46,7512,pix_credit,0.025,False,0.025
T104666,C124,353.34,4511,debit,0.03,False,0.03
T104667,C147,396.57,8011,debit,0.03,False,0.03
T104668,C144,132.88,5411,credit,0.025,False,0.025
T104669,C110,119.36,5813,credit,0.025,False,0.025
T104670,C149,154.49,8299,debit,0.028,False,0.0
T104671,C116,103.98,4511,credit,0.03,False,0.03
T104672,C122,33.42,5941,credit,0.03,False,0.03
T104673,C116,26.87,5411,debit,0.03,False,0.03
T104674,C149,67.22999999999999,5411,credit,0.028,False,0.028
T104675,C139,147.76,5411,debit,0.0,True,0.0
T104676,C109,625.91,5411,pix_debit,0.028,False,0.0
T104677,C115,554.72,5411,pix_credit,0.03,False,0.03
T104678,C130,88.78,7512,credit,0.0,True,0.025
T104679,C110,409.07,5813,credit,0.025,False,0.025
T104680,C105,174.33,4511,credit,0.028,False,0.028
T104681,C109,111.81,5813,voucher,0.028,False,0.028
T104682,C116,181.76,8011,voucher,0.03,False,0.03
T104683,C123,200.04,7512,credit,0.025,False,0.025
T104684,C132,1269.81,5411,credit,0.028,False,0.028
T104685,C106,118.8,4511,pix_debit,0.025,False,0.0
T104686,C148,1507.25,8299,pix_debit,0.028,False,0.0
T104687,C127,521.89,7512,credit,0.0,True,0.0
T104688,C127,251.07,8011,credit,0.0,True,0.0
T104689,C149,275.4,7512,pix_credit,0.028,False,0.028
T104690,C142,161.97,5812,voucher,0.0,True,0.0
T104691,C135,541.14,5941,debit,0.028,False,0.028
T104692,C114,175.24,5411,credit,0.025,False,0.025
T104693,C126,199.75,8011,pix_debit,0.03,False,0.0
T104694,C143,219.64,5411,debit,0.028,False,0.028
T104695,C130,228.0,5411,debit,0.0,True,0.025
T104696,C105,96.88,7512,credit,0.028,False,0.028
T104697,C148,303.08,4511,pix_debit,0.028,False,0.0
T104698,C144,206.56,5812,debit,0.025,False,0.025
T104699,C114,125.12,5941,credit,0.025,False,0.025
T104700,C102,77.06,5812,credit,0.028,False,0.028
T104701,C136,255.03,5941,pix_debit,0.028,False,0.0
T104702,C113,50.21,8299,pix_debit,0.028,False,0.0
T104703,C138,148.01,8011,pix_credit,0.03,False,0.03
T104704,C123,650.32,5813,credit,0.025,False,0.025
T104705,C145,292.37,5411,credit,0.028,False,0.028
T104706,C128,148.45,5941,debit,0.0,True,0.0
T104707,C125,369.49,8299,credit,0.025,False,0.0
T104708,C132,466.66,5813,credit,0.028,False,0.028
T104709,C119,117.12,8299,pix_credit,0.025,False,0.0
T104710,C137,152.46,5411,credit,0.028,False,0.028
T104711,C149,66.03,5812,debit,0.028,False,0.028
T104712,C102,125.15,5813,voucher,0.028,False,0.028
T104713,C148,349.59,8299,credit,0.028,False,0.0
T104714,C138,25.52,5813,credit,0.03,False,0.03
T104715,C123,181.78,4511,credit,0.025,False,0.025
T104716,C140,209.93,5411,debit,0.025,False,0.025
T104717,C147,160.48,7512,pix_credit,0.03,False,0.03
T104718,C111,93.96,4511,pix_debit,0.03,False,0.0
T104719,C115,297.11,5941,debit,0.03,False,0.03
T104720,C126,89.17,8011,pix_debit,0.03,False,0.0
T104721,C130,1331.12,8011,credit,0.0,True,0.025
T104722,C141,421.16,5813,debit,0.0,True,0.025
T104723,C106,34.93,5812,credit,0.025,False,0.025
T104724,C111,88.57,5411,debit,0.03,False,0.03
T104725,C102,73.87,4511,credit,0.028,False,0.028
T104726,C148,497.25,8299,pix_credit,0.028,False,0.0
T104727,C122,138.84,5411,debit,0.03,False,0.03
T104728,C139,526.52,7512,pix_credit,0.0,True,0.0
T104729,C137,21.61,5411,debit,0.028,False,0.028
T104730,C139,484.94,7512,debit,0.0,True,0.0
T104731,C102,113.38,8299,credit,0.028,False,0.0
T104732,C102,105.51,8299,debit,0.028,False,0.0
T104733,C149,828.72,5813,credit,0.028,False,0.028
T104734,C107,291.82,5941,debit,0.0,True,0.0
T104735,C122,190.67,5411,credit,0.03,False,0.03
T104736,C133,72.12,5411,pix_debit,0.025,False,0.0
T104737,C114,362.14,8299,pix_debit,0.025,False,0.0
T104738,C126,309.5,7512,credit,0.03,False,0.03
T104739,C142,108.01,5813,credit,0.0,True,0.0
T104740,C104,203.23,8299,pix_credit,0.03,False,0.0
T104741,C100,977.24,5941,credit,0.03,False,0.03
T104742,C131,61.22,8299,debit,0.03,False,0.0
T104743,C149,404.11,5941,pix_debit,0.028,False,0.0
T104744,C110,562.95,7512,debit,0.025,False,0.025
T104745,C149,1220.7,5941,credit,0.028,False,0.028
T104746,C119,239.44,8011,credit,0.025,False,0.025
T104747,C131,103.54,8299,credit,0.03,False,0.0
T104748,C144,441.1,5812,voucher,0.025,False,0.025
T104749,C116,107.5,5941,debit,0.03,False,0.03
T104750,C103,108.63,5813,credit,0.025,False,0.025
T104751,C137,50.68,5941,credit,0.028,False,0.028
T104752,C121,1277.2,4511,debit,0.03,False,0.03
T104753,C143,452.62,7512,credit,0.028,False,0.028
T104754,C111,98.64,7512,voucher,0.03,False,0.03
T104755,C113,138.78,8299,credit,0.028,False,0.0
T104756,C126,247.55,4511,debit,0.03,False,0.03
T104757,C124,59.95,7512,pix_credit,0.03,False,0.03
T104758,C135,110.73,5941,credit,0.028,False,0.028
T104759,C122,220.31,5812,debit,0.03,False,0.03
T104760,C130,138.62,8011,credit,0.0,True,0.025
T104761,C119,519.28,8011,credit,0.025,False,0.025
T104762,C132,67.34,8011,pix_credit,0.028,False,0.028
T104763,C149,124.1,5812,credit,0.028,False,0.028
T104764,C143,83.68,5812,debit,0.028,False,0.028
T104765,C113,86.79,5812,voucher,0.028,False,0.028
T104766,C136,289.98,5812,debit,0.028,False,0.028
T104767,C104,147.84,8299,credit,0.03,False,0.0
T104768,C135,591.97,5813,credit,0.028,False,0.028
T104769,C140,315.67,4511,pix_credit,0.025,False,0.025
T104770,C120,110.53,5813,debit,0.025,False,0.025
T104771,C101,479.73,8011,credit,0.028,False,0.028
T104772,C125,23.27,5411,credit,0.025,False,0.025
T104773,C148,43.34,8011,credit,0.028,False,0.028
T104774,C131,117.25,5812,pix_debit,0.03,False,0.0
T104775,C104,105.12,5411,voucher,0.03,False,0.03
T104776,C100,180.4,8299,voucher,0.03,False,0.0
T104777,C108,119.79,8011,pix_credit,0.03,False,0.03
T104778,C131,119.29,8011,debit,0.03,False,0.03
T104779,C109,192.64,7512,debit,0.028,False,0.028
T104780,C109,79.7,8299,credit,0.028,False,0.0
T104781,C105,300.55,5411,credit,0.028,False,0.028
T104782,C117,272.35,5813,credit,0.0,True,0.0
T104783,C110,22.31,5411,pix_credit,0.025,False,0.025
T104784,C137,256.23,7512,pix_debit,0.028,False,0.0
T104785,C103,204.09,5411,pix_debit,0.025,False,0.0
T104786,C130,97.69,5411,debit,0.0,True,0.025
T104787,C109,61.03,4511,voucher,0.028,False,0.028
T104788,C103,63.19,5941,debit,0.025,False,0.025
T104789,C136,196.76,5941,pix_credit,0.028,False,0.028
T104790,C118,127.43,7512,debit,0.025,False,0.025
T104791,C106,39.120000000000005,5812,credit,0.025,False,0.025
T104792,C147,96.65,5411,pix_credit,0.03,False,0.03
T104793,C100,171.91,5812,pix_credit,0.03,False,0.03
T104794,C148,330.77,8011,credit,0.028,False,0.028
T104795,C135,71.0,5812,voucher,0.028,False,0.028
T104796,C144,90.13,5411,debit,0.025,False,0.025
T104797,C133,252.95,4511,pix_debit,0.025,False,0.0
T104798,C101,139.62,5411,debit,0.028,False,0.028
T104799,C120,131.01,8011,debit,0.025,False,0.025
T104800,C105,64.22999999999999,8011,pix_credit,0.028,False,0.028
T104801,C125,436.74,8299,pix_credit,0.025,False,0.0
T104802,C113,100.27,5812,debit,0.028,False,0.028
T104803,C100,334.42,5941,pix_credit,0.03,False,0.03
T104804,C102,167.45,5813,pix_debit,0.028,False,0.0
T104805,C117,92.14,4511,debit,0.0,True,0.0
T104806,C132,514.4200000000001,5411,debit,0.028,False,0.028
T104807,C149,106.38,5813,debit,0.028,False,0.028
T104808,C131,82.72,5941,credit,0.03,False,0.03
T104809,C137,78.4,4511,pix_credit,0.028,False,0.028
T104810,C127,154.49,4511,credit,0.0,True,0.0
T104811,C107,974.47,7512,debit,0.0,True,0.0
T104812,C116,252.08,5411,credit,0.03,False,0.03
T104813,C101,29.25,5941,credit,0.028,False,0.028
T104814,C138,537.68,4511,credit,0.03,False,0.03
T104815,C120,137.62,5411,debit,0.025,False,0.025
T104816,C129,61.33,5411,debit,0.03,False,0.03
T104817,C107,391.85,8299,credit,0.0,True,0.0
T104818,C121,497.24,8011,pix_credit,0.03,False,0.03
T104819,C123,407.24,5812,debit,0.025,False,0.025
T104820,C116,360.3,4511,credit,0.03,False,0.03
T104821,C111,32.39,5411,pix_debit,0.03,False,0.0
T104822,C104,143.82,4511,credit,0.03,False,0.03
T104823,C128,94.2,4511,credit,0.0,True,0.0
T104824,C110,47.99,7512,credit,0.025,False,0.025
T104825,C118,115.39,5813,debit,0.025,False,0.025
T104826,C136,317.37,5812,debit,0.028,False,0.028
T104827,C122,41.0,7512,credit,0.03,False,0.03
T104828,C125,561.27,7512,credit,0.025,False,0.025
T104829,C146,101.03,8299,credit,0.028,False,0.0
T104830,C149,324.45,8299,debit,0.028,False,0.0
T104831,C134,73.03999999999999,5411,credit,0.03,False,0.03
T104832,C132,123.73,8299,pix_credit,0.028,False,0.0
T104833,C121,77.94,8299,debit,0.03,False,0.0
T104834,C140,83.58,5411,credit,0.025,False,0.025
T104835,C101,417.29,5411,debit,0.028,False,0.028
T104836,C124,431.99,5813,credit,0.03,False,0.03
T104837,C105,454.12,7512,debit,0.028,False,0.028
T104838,C104,107.83,5411,debit,0.03,False,0.03
T104839,C147,207.84,5812,pix_debit,0.03,False,0.0
T104840,C124,146.74,8299,pix_debit,0.03,False,0.0
T104841,C119,264.05,5813,credit,0.025,False,0.025
T104842,C108,60.53,8011,pix_debit,0.03,False,0.0
T104843,C135,234.97,4511,pix_debit,0.028,False,0.0
T104844,C131,494.7,5812,pix_credit,0.03,False,0.03
T104845,C109,368.47,5411,credit,0.028,False,0.028
T104846,C104,1162.99,4511,debit,0.03,False,0.03
T104847,C143,477.84,7512,credit,0.028,False,0.028
T104848,C138,54.27,8299,credit,0.03,False,0.0
T104849,C146,37.27,5812,voucher,0.028,False,0.028
T104850,C137,61.18,7512,pix_credit,0.028,False,0.028
T104851,C141,104.28,5813,credit,0.0,True,0.025
T104852,C108,227.78,8011,voucher,0.03,False,0.03
T104853,C121,74.44,8011,credit,0.03,False,0.03
T104854,C119,69.09,5411,pix_credit,0.025,False,0.025
T104855,C113,86.39,5941,pix_debit,0.028,False,0.0
T104856,C149,134.22,7512,debit,0.028,False,0.028
T104857,C108,160.27,5812,pix_credit,0.03,False,0.03
T104858,C108,176.4,5941,debit,0.03,False,0.03
T104859,C115,23.84,5941,credit,0.03,False,0.03
T104860,C137,40.82,5813,credit,0.028,False,0.028
T104861,C106,130.38,7512,debit,0.025,False,0.025
T104862,C134,584.67,5941,debit,0.03,False,0.03
T104863,C130,95.76,7512,debit,0.0,True,0.025
T104864,C146,494.35,7512,pix_debit,0.028,False,0.0
T104865,C148,753.53,8299,credit,0.028,False,0.0
T104866,C103,890.09,5812,credit,0.025,False,0.025
T104867,C129,259.87,7512,credit,0.03,False,0.03
T104868,C134,81.19,4511,pix_debit,0.03,False,0.0
T104869,C113,126.1,5941,credit,0.028,False,0.028
T104870,C141,74.39,8011,credit,0.0,True,0.025
T104871,C109,57.53,4511,credit,0.028,False,0.028
T104872,C141,139.44,5941,voucher,0.0,True,0.025
T104873,C111,402.64,8011,debit,0.03,False,0.03
T104874,C129,57.27,8299,credit,0.03,False,0.0
T104875,C143,45.28,5812,credit,0.028,False,0.028
T104876,C127,54.92,5411,credit,0.0,True,0.0
T104877,C144,169.89,5411,debit,0.025,False,0.025
T104878,C126,681.65,5813,credit,0.03,False,0.03
T104879,C111,81.37,8299,credit,0.03,False,0.0
T104880,C133,191.58,8299,pix_credit,0.025,False,0.0
T104881,C135,160.42,4511,credit,0.028,False,0.028
T104882,C137,1036.93,8011,credit,0.028,False,0.028
T104883,C126,446.07,5941,credit,0.03,False,0.03
T104884,C149,1570.41,8011,credit,0.028,False,0.028
T104885,C141,1290.53,8299,credit,0.0,True,0.0
T104886,C130,49.33,5411,debit,0.0,True,0.025
T104887,C120,51.53,5411,pix_credit,0.025,False,0.025
T104888,C108,115.41,8299,credit,0.03,False,0.0
T104889,C119,1117.94,5812,debit,0.025,False,0.025
T104890,C142,200.31,5813,pix_debit,0.0,True,0.0
T104891,C111,539.89,5411,credit,0.03,False,0.03
T104892,C121,70.69,7512,debit,0.03,False,0.03
T104893,C140,412.08,7512,debit,0.025,False,0.025
T104894,C139,125.48,8011,debit,0.0,True,0.0
T104895,C124,159.5,4511,debit,0.03,False,0.03
T104896,C122,133.28,5411,credit,0.03,False,0.03
T104897,C122,37.31,5411,debit,0.03,False,0.03
T104898,C147,123.07,8299,debit,0.03,False,0.0
T104899,C128,124.26,8011,credit,0.0,True,0.0
T104900,C141,76.04,5813,credit,0.0,True,0.025
T104901,C103,444.48,7512,pix_credit,0.025,False,0.025
T104902,C125,22.94,5813,credit,0.025,False,0.025
T104903,C134,59.04,5411,debit,0.03,False,0.03
T104904,C144,806.0,5812,credit,0.025,False,0.025
T104905,C106,235.83,8299,pix_debit,0.025,False,0.0
T104906,C134,89.58,5812,credit,0.03,False,0.03
T104907,C148,85.72,5411,pix_debit,0.028,False,0.0
T104908,C129,719.59,8299,credit,0.03,False,0.0
T104909,C135,49.03,5411,debit,0.028,False,0.028
T104910,C131,214.93,4511,debit,0.03,False,0.03
T104911,C116,50.58,5411,pix_credit,0.03,False,0.03
T104912,C149,47.98,7512,credit,0.028,False,0.028
T104913,C143,97.47,7512,pix_debit,0.028,False,0.0
T104914,C141,564.73,8011,credit,0.0,True,0.025
T104915,C109,51.43,5411,pix_debit,0.028,False,0.0
T104916,C120,43.94,5812,credit,0.025,False,0.025
T104917,C144,42.01,5813,credit,0.025,False,0.025
T104918,C128,616.06,5941,pix_debit,0.0,True,0.0
T104919,C104,1392.14,8011,credit,0.03,False,0.03
T104920,C140,72.2,4511,pix_credit,0.025,False,0.025
T104921,C106,88.39,8011,debit,0.025,False,0.025
T104922,C107,168.91,5411,pix_debit,0.0,True,0.0
T104923,C111,186.53,4511,pix_debit,0.03,False,0.0
T104924,C101,875.37,7512,credit,0.028,False,0.028
T104925,C135,145.47,8299,credit,0.028,False,0.0
T104926,C102,251.06,8299,credit,0.028,False,0.0
T104927,C143,74.44,4511,credit,0.028,False,0.028
T104928,C107,64.92,8299,debit,0.0,True,0.0
T104929,C148,1322.11,7512,pix_debit,0.028,False,0.0
T104930,C101,287.19,8011,voucher,0.028,False,0.028
T104931,C139,34.33,5812,pix_credit,0.0,True,0.0
T104932,C132,43.02,5941,credit,0.028,False,0.028
T104933,C127,100.31,5411,pix_debit,0.0,True,0.0
T104934,C131,275.0,7512,pix_debit,0.03,False,0.0
T104935,C149,74.58,8011,debit,0.028,False,0.028
T104936,C134,139.29,5411,debit,0.03,False,0.03
T104937,C129,116.32,8299,credit,0.03,False,0.0
T104938,C107,94.06,4511,credit,0.0,True,0.0
T104939,C135,96.67,8011,credit,0.028,False,0.028
T104940,C132,242.05,5411,debit,0.028,False,0.028
T104941,C142,84.4,5941,pix_credit,0.0,True,0.0
T104942,C131,31.27,8299,pix_debit,0.03,False,0.0
T104943,C144,237.16,7512,credit,0.025,False,0.025
T104944,C139,178.24,8299,debit,0.0,True,0.0
T104945,C116,128.5,5813,credit,0.03,False,0.03
T104946,C139,86.88,7512,pix_debit,0.0,True,0.0
T104947,C145,74.32,5812,credit,0.028,False,0.028
T104948,C103,721.88,8299,debit,0.025,False,0.0
T104949,C107,76.21,8011,credit,0.0,True,0.0
T104950,C146,112.18,7512,credit,0.028,False,0.028
T104951,C134,358.04,8011,debit,0.03,False,0.03
T104952,C114,97.13,8011,credit,0.025,False,0.025
T104953,C136,141.25,5812,pix_debit,0.028,False,0.0
T104954,C140,89.87,8011,debit,0.025,False,0.025
T104955,C118,247.34,5812,credit,0.025,False,0.025
T104956,C127,408.74,7512,credit,0.0,True,0.0
T104957,C101,33.29,8011,debit,0.028,False,0.028
T104958,C144,73.53999999999999,8299,debit,0.025,False,0.0
T104959,C103,44.7,5411,credit,0.025,False,0.025
T104960,C129,68.05,5813,credit,0.03,False,0.03
T104961,C142,132.86,5812,debit,0.0,True,0.0
T104962,C106,120.36,7512,debit,0.025,False,0.025
T104963,C127,62.75,8299,pix_credit,0.0,True,0.0
T104964,C142,56.32,8011,debit,0.0,True,0.0
T104965,C115,108.88,7512,voucher,0.03,False,0.03
T104966,C111,266.62,4511,voucher,0.03,False,0.03
T104967,C112,112.01,8011,credit,0.03,False,0.03
T104968,C140,798.9,8299,credit,0.025,False,0.0
T104969,C114,454.79,8011,credit,0.025,False,0.025
T104970,C138,43.45,5411,pix_debit,0.03,False,0.0
T104971,C148,145.42,5941,credit,0.028,False,0.028
T104972,C134,178.23,8299,debit,0.03,False,0.0
T104973,C128,118.93,4511,credit,0.0,True,0.0
T104974,C130,56.98,8299,credit,0.0,True,0.0
T104975,C137,202.63,7512,pix_credit,0.028,False,0.028
T104976,C127,97.63,5813,debit,0.0,True,0.0
T104977,C145,62.88,7512,debit,0.028,False,0.028
T104978,C110,170.51,7512,credit,0.025,False,0.025
T104979,C148,66.05,5812,pix_debit,0.028,False,0.0
T104980,C104,42.45,5411,credit,0.03,False,0.03
T104981,C102,223.43,5813,credit,0.028,False,0.028
T104982,C142,147.88,8011,credit,0.0,True,0.0
T104983,C107,332.19,8299,credit,0.0,True,0.0
T104984,C140,106.71,5812,credit,0.025,False,0.025
T104985,C103,98.11,5812,pix_debit,0.025,False,0.0
T104986,C137,182.41,8299,credit,0.028,False,0.0
T104987,C105,115.81,5812,credit,0.028,False,0.028
T104988,C136,77.48,8011,pix_debit,0.028,False,0.0
T104989,C108,486.99,5941,pix_debit,0.03,False,0.0
T104990,C123,65.78999999999999,8011,voucher,0.025,False,0.025
T104991,C101,55.3,8299,pix_credit,0.028,False,0.0
T104992,C145,235.57,5812,credit,0.028,False,0.028
T104993,C127,23.23,4511,credit,0.0,True,0.0
T104994,C118,80.31,8299,pix_credit,0.025,False,0.0
T104995,C146,26.4,4511,debit,0.028,False,0.028
T104996,C133,138.57,5812,credit,0.025,False,0.025
T104997,C148,327.55,5941,debit,0.028,False,0.028
T104998,C135,74.81,5411,credit,0.028,False,0.028
T104999,C139,1726.39,4511,pix_credit,0.0,True,0.0
